,TEMP,time
0,35.34,2022-08-17 13:48:00.750
1,35.34,2022-08-17 13:48:01.000
2,35.34,2022-08-17 13:48:01.250
3,35.34,2022-08-17 13:48:01.500
4,35.34,2022-08-17 13:48:01.750
5,35.34,2022-08-17 13:48:02.000
6,35.34,2022-08-17 13:48:02.250
7,35.34,2022-08-17 13:48:02.500
8,35.34,2022-08-17 13:48:02.750
9,35.37,2022-08-17 13:48:03.000
10,35.37,2022-08-17 13:48:03.250
11,35.37,2022-08-17 13:48:03.500
12,35.37,2022-08-17 13:48:03.750
13,35.33,2022-08-17 13:48:04.000
14,35.33,2022-08-17 13:48:04.250
15,35.33,2022-08-17 13:48:04.500
16,35.33,2022-08-17 13:48:04.750
17,35.33,2022-08-17 13:48:05.000
18,35.33,2022-08-17 13:48:05.250
19,35.33,2022-08-17 13:48:05.500
20,35.33,2022-08-17 13:48:05.750
21,35.33,2022-08-17 13:48:06.000
22,35.33,2022-08-17 13:48:06.250
23,35.33,2022-08-17 13:48:06.500
24,35.33,2022-08-17 13:48:06.750
25,35.37,2022-08-17 13:48:07.000
26,35.37,2022-08-17 13:48:07.250
27,35.37,2022-08-17 13:48:07.500
28,35.37,2022-08-17 13:48:07.750
29,35.34,2022-08-17 13:48:08.000
30,35.34,2022-08-17 13:48:08.250
31,35.34,2022-08-17 13:48:08.500
32,35.34,2022-08-17 13:48:08.750
33,35.34,2022-08-17 13:48:09.000
34,35.34,2022-08-17 13:48:09.250
35,35.34,2022-08-17 13:48:09.500
36,35.34,2022-08-17 13:48:09.750
37,35.37,2022-08-17 13:48:10.000
38,35.37,2022-08-17 13:48:10.250
39,35.37,2022-08-17 13:48:10.500
40,35.37,2022-08-17 13:48:10.750
41,35.34,2022-08-17 13:48:11.000
42,35.34,2022-08-17 13:48:11.250
43,35.34,2022-08-17 13:48:11.500
44,35.34,2022-08-17 13:48:11.750
45,35.34,2022-08-17 13:48:12.000
46,35.34,2022-08-17 13:48:12.250
47,35.34,2022-08-17 13:48:12.500
48,35.34,2022-08-17 13:48:12.750
49,35.34,2022-08-17 13:48:13.000
50,35.34,2022-08-17 13:48:13.250
51,35.34,2022-08-17 13:48:13.500
52,35.34,2022-08-17 13:48:13.750
53,35.34,2022-08-17 13:48:14.000
54,35.34,2022-08-17 13:48:14.250
55,35.34,2022-08-17 13:48:14.500
56,35.34,2022-08-17 13:48:14.750
57,35.34,2022-08-17 13:48:15.000
58,35.34,2022-08-17 13:48:15.250
59,35.34,2022-08-17 13:48:15.500
60,35.34,2022-08-17 13:48:15.750
61,35.34,2022-08-17 13:48:16.000
62,35.34,2022-08-17 13:48:16.250
63,35.34,2022-08-17 13:48:16.500
64,35.34,2022-08-17 13:48:16.750
65,35.34,2022-08-17 13:48:17.000
66,35.34,2022-08-17 13:48:17.250
67,35.34,2022-08-17 13:48:17.500
68,35.34,2022-08-17 13:48:17.750
69,35.33,2022-08-17 13:48:18.000
70,35.33,2022-08-17 13:48:18.250
71,35.33,2022-08-17 13:48:18.500
72,35.33,2022-08-17 13:48:18.750
73,35.34,2022-08-17 13:48:19.000
74,35.34,2022-08-17 13:48:19.250
75,35.34,2022-08-17 13:48:19.500
76,35.34,2022-08-17 13:48:19.750
77,35.34,2022-08-17 13:48:20.000
78,35.34,2022-08-17 13:48:20.250
79,35.34,2022-08-17 13:48:20.500
80,35.34,2022-08-17 13:48:20.750
81,35.34,2022-08-17 13:48:21.000
82,35.34,2022-08-17 13:48:21.250
83,35.34,2022-08-17 13:48:21.500
84,35.34,2022-08-17 13:48:21.750
85,35.34,2022-08-17 13:48:22.000
86,35.34,2022-08-17 13:48:22.250
87,35.34,2022-08-17 13:48:22.500
88,35.34,2022-08-17 13:48:22.750
89,35.37,2022-08-17 13:48:23.000
90,35.37,2022-08-17 13:48:23.250
91,35.37,2022-08-17 13:48:23.500
92,35.37,2022-08-17 13:48:23.750
93,35.34,2022-08-17 13:48:24.000
94,35.34,2022-08-17 13:48:24.250
95,35.34,2022-08-17 13:48:24.500
96,35.34,2022-08-17 13:48:24.750
97,35.34,2022-08-17 13:48:25.000
98,35.34,2022-08-17 13:48:25.250
99,35.34,2022-08-17 13:48:25.500
100,35.34,2022-08-17 13:48:25.750
101,35.37,2022-08-17 13:48:26.000
102,35.37,2022-08-17 13:48:26.250
103,35.37,2022-08-17 13:48:26.500
104,35.37,2022-08-17 13:48:26.750
105,35.37,2022-08-17 13:48:27.000
106,35.37,2022-08-17 13:48:27.250
107,35.37,2022-08-17 13:48:27.500
108,35.37,2022-08-17 13:48:27.750
109,35.33,2022-08-17 13:48:28.000
110,35.33,2022-08-17 13:48:28.250
111,35.33,2022-08-17 13:48:28.500
112,35.33,2022-08-17 13:48:28.750
113,35.33,2022-08-17 13:48:29.000
114,35.33,2022-08-17 13:48:29.250
115,35.33,2022-08-17 13:48:29.500
116,35.33,2022-08-17 13:48:29.750
117,35.34,2022-08-17 13:48:30.000
118,35.34,2022-08-17 13:48:30.250
119,35.34,2022-08-17 13:48:30.500
120,35.34,2022-08-17 13:48:30.750
121,35.37,2022-08-17 13:48:31.000
122,35.37,2022-08-17 13:48:31.250
123,35.37,2022-08-17 13:48:31.500
124,35.37,2022-08-17 13:48:31.750
125,35.37,2022-08-17 13:48:32.000
126,35.37,2022-08-17 13:48:32.250
127,35.37,2022-08-17 13:48:32.500
128,35.37,2022-08-17 13:48:32.750
129,35.37,2022-08-17 13:48:33.000
130,35.37,2022-08-17 13:48:33.250
131,35.37,2022-08-17 13:48:33.500
132,35.37,2022-08-17 13:48:33.750
133,35.34,2022-08-17 13:48:34.000
134,35.34,2022-08-17 13:48:34.250
135,35.34,2022-08-17 13:48:34.500
136,35.34,2022-08-17 13:48:34.750
137,35.37,2022-08-17 13:48:35.000
138,35.37,2022-08-17 13:48:35.250
139,35.37,2022-08-17 13:48:35.500
140,35.37,2022-08-17 13:48:35.750
141,35.34,2022-08-17 13:48:36.000
142,35.34,2022-08-17 13:48:36.250
143,35.34,2022-08-17 13:48:36.500
144,35.34,2022-08-17 13:48:36.750
145,35.34,2022-08-17 13:48:37.000
146,35.34,2022-08-17 13:48:37.250
147,35.34,2022-08-17 13:48:37.500
148,35.34,2022-08-17 13:48:37.750
149,35.34,2022-08-17 13:48:38.000
150,35.34,2022-08-17 13:48:38.250
151,35.34,2022-08-17 13:48:38.500
152,35.34,2022-08-17 13:48:38.750
153,35.37,2022-08-17 13:48:39.000
154,35.37,2022-08-17 13:48:39.250
155,35.37,2022-08-17 13:48:39.500
156,35.37,2022-08-17 13:48:39.750
157,35.37,2022-08-17 13:48:40.000
158,35.37,2022-08-17 13:48:40.250
159,35.37,2022-08-17 13:48:40.500
160,35.37,2022-08-17 13:48:40.750
161,35.34,2022-08-17 13:48:41.000
162,35.34,2022-08-17 13:48:41.250
163,35.34,2022-08-17 13:48:41.500
164,35.34,2022-08-17 13:48:41.750
165,35.34,2022-08-17 13:48:42.000
166,35.34,2022-08-17 13:48:42.250
167,35.34,2022-08-17 13:48:42.500
168,35.34,2022-08-17 13:48:42.750
169,35.34,2022-08-17 13:48:43.000
170,35.34,2022-08-17 13:48:43.250
171,35.34,2022-08-17 13:48:43.500
172,35.34,2022-08-17 13:48:43.750
173,35.39,2022-08-17 13:48:44.000
174,35.39,2022-08-17 13:48:44.250
175,35.39,2022-08-17 13:48:44.500
176,35.39,2022-08-17 13:48:44.750
177,35.34,2022-08-17 13:48:45.000
178,35.34,2022-08-17 13:48:45.250
179,35.34,2022-08-17 13:48:45.500
180,35.34,2022-08-17 13:48:45.750
181,35.34,2022-08-17 13:48:46.000
182,35.34,2022-08-17 13:48:46.250
183,35.34,2022-08-17 13:48:46.500
184,35.34,2022-08-17 13:48:46.750
185,35.34,2022-08-17 13:48:47.000
186,35.34,2022-08-17 13:48:47.250
187,35.34,2022-08-17 13:48:47.500
188,35.34,2022-08-17 13:48:47.750
189,35.33,2022-08-17 13:48:48.000
190,35.33,2022-08-17 13:48:48.250
191,35.33,2022-08-17 13:48:48.500
192,35.33,2022-08-17 13:48:48.750
193,35.37,2022-08-17 13:48:49.000
194,35.37,2022-08-17 13:48:49.250
195,35.37,2022-08-17 13:48:49.500
196,35.37,2022-08-17 13:48:49.750
197,35.37,2022-08-17 13:48:50.000
198,35.37,2022-08-17 13:48:50.250
199,35.37,2022-08-17 13:48:50.500
200,35.37,2022-08-17 13:48:50.750
201,35.34,2022-08-17 13:48:51.000
202,35.34,2022-08-17 13:48:51.250
203,35.34,2022-08-17 13:48:51.500
204,35.34,2022-08-17 13:48:51.750
205,35.39,2022-08-17 13:48:52.000
206,35.39,2022-08-17 13:48:52.250
207,35.39,2022-08-17 13:48:52.500
208,35.39,2022-08-17 13:48:52.750
209,35.34,2022-08-17 13:48:53.000
210,35.34,2022-08-17 13:48:53.250
211,35.34,2022-08-17 13:48:53.500
212,35.34,2022-08-17 13:48:53.750
213,35.37,2022-08-17 13:48:54.000
214,35.37,2022-08-17 13:48:54.250
215,35.37,2022-08-17 13:48:54.500
216,35.37,2022-08-17 13:48:54.750
217,35.37,2022-08-17 13:48:55.000
218,35.37,2022-08-17 13:48:55.250
219,35.37,2022-08-17 13:48:55.500
220,35.37,2022-08-17 13:48:55.750
221,35.34,2022-08-17 13:48:56.000
222,35.34,2022-08-17 13:48:56.250
223,35.34,2022-08-17 13:48:56.500
224,35.34,2022-08-17 13:48:56.750
225,35.39,2022-08-17 13:48:57.000
226,35.39,2022-08-17 13:48:57.250
227,35.39,2022-08-17 13:48:57.500
228,35.39,2022-08-17 13:48:57.750
229,35.37,2022-08-17 13:48:58.000
230,35.37,2022-08-17 13:48:58.250
231,35.37,2022-08-17 13:48:58.500
232,35.37,2022-08-17 13:48:58.750
233,35.39,2022-08-17 13:48:59.000
234,35.39,2022-08-17 13:48:59.250
235,35.39,2022-08-17 13:48:59.500
236,35.39,2022-08-17 13:48:59.750
237,35.34,2022-08-17 13:49:00.000
238,35.34,2022-08-17 13:49:00.250
239,35.34,2022-08-17 13:49:00.500
240,35.34,2022-08-17 13:49:00.750
241,35.39,2022-08-17 13:49:01.000
242,35.39,2022-08-17 13:49:01.250
243,35.39,2022-08-17 13:49:01.500
244,35.39,2022-08-17 13:49:01.750
245,35.37,2022-08-17 13:49:02.000
246,35.37,2022-08-17 13:49:02.250
247,35.37,2022-08-17 13:49:02.500
248,35.37,2022-08-17 13:49:02.750
249,35.39,2022-08-17 13:49:03.000
250,35.39,2022-08-17 13:49:03.250
251,35.39,2022-08-17 13:49:03.500
252,35.39,2022-08-17 13:49:03.750
253,35.39,2022-08-17 13:49:04.000
254,35.39,2022-08-17 13:49:04.250
255,35.39,2022-08-17 13:49:04.500
256,35.39,2022-08-17 13:49:04.750
257,35.37,2022-08-17 13:49:05.000
258,35.37,2022-08-17 13:49:05.250
259,35.37,2022-08-17 13:49:05.500
260,35.37,2022-08-17 13:49:05.750
261,35.39,2022-08-17 13:49:06.000
262,35.39,2022-08-17 13:49:06.250
263,35.39,2022-08-17 13:49:06.500
264,35.39,2022-08-17 13:49:06.750
265,35.39,2022-08-17 13:49:07.000
266,35.39,2022-08-17 13:49:07.250
267,35.39,2022-08-17 13:49:07.500
268,35.39,2022-08-17 13:49:07.750
269,35.41,2022-08-17 13:49:08.000
270,35.41,2022-08-17 13:49:08.250
271,35.41,2022-08-17 13:49:08.500
272,35.41,2022-08-17 13:49:08.750
273,35.39,2022-08-17 13:49:09.000
274,35.39,2022-08-17 13:49:09.250
275,35.39,2022-08-17 13:49:09.500
276,35.39,2022-08-17 13:49:09.750
277,35.39,2022-08-17 13:49:10.000
278,35.39,2022-08-17 13:49:10.250
279,35.39,2022-08-17 13:49:10.500
280,35.39,2022-08-17 13:49:10.750
281,35.39,2022-08-17 13:49:11.000
282,35.39,2022-08-17 13:49:11.250
283,35.39,2022-08-17 13:49:11.500
284,35.39,2022-08-17 13:49:11.750
285,35.39,2022-08-17 13:49:12.000
286,35.39,2022-08-17 13:49:12.250
287,35.39,2022-08-17 13:49:12.500
288,35.39,2022-08-17 13:49:12.750
289,35.37,2022-08-17 13:49:13.000
290,35.37,2022-08-17 13:49:13.250
291,35.37,2022-08-17 13:49:13.500
292,35.37,2022-08-17 13:49:13.750
293,35.37,2022-08-17 13:49:14.000
294,35.37,2022-08-17 13:49:14.250
295,35.37,2022-08-17 13:49:14.500
296,35.37,2022-08-17 13:49:14.750
297,35.39,2022-08-17 13:49:15.000
298,35.39,2022-08-17 13:49:15.250
299,35.39,2022-08-17 13:49:15.500
300,35.39,2022-08-17 13:49:15.750
301,35.37,2022-08-17 13:49:16.000
302,35.37,2022-08-17 13:49:16.250
303,35.37,2022-08-17 13:49:16.500
304,35.37,2022-08-17 13:49:16.750
305,35.37,2022-08-17 13:49:17.000
306,35.37,2022-08-17 13:49:17.250
307,35.37,2022-08-17 13:49:17.500
308,35.37,2022-08-17 13:49:17.750
309,35.37,2022-08-17 13:49:18.000
310,35.37,2022-08-17 13:49:18.250
311,35.37,2022-08-17 13:49:18.500
312,35.37,2022-08-17 13:49:18.750
313,35.37,2022-08-17 13:49:19.000
314,35.37,2022-08-17 13:49:19.250
315,35.37,2022-08-17 13:49:19.500
316,35.37,2022-08-17 13:49:19.750
317,35.37,2022-08-17 13:49:20.000
318,35.37,2022-08-17 13:49:20.250
319,35.37,2022-08-17 13:49:20.500
320,35.37,2022-08-17 13:49:20.750
321,35.39,2022-08-17 13:49:21.000
322,35.39,2022-08-17 13:49:21.250
323,35.39,2022-08-17 13:49:21.500
324,35.39,2022-08-17 13:49:21.750
325,35.39,2022-08-17 13:49:22.000
326,35.39,2022-08-17 13:49:22.250
327,35.39,2022-08-17 13:49:22.500
328,35.39,2022-08-17 13:49:22.750
329,35.41,2022-08-17 13:49:23.000
330,35.41,2022-08-17 13:49:23.250
331,35.41,2022-08-17 13:49:23.500
332,35.41,2022-08-17 13:49:23.750
333,35.41,2022-08-17 13:49:24.000
334,35.41,2022-08-17 13:49:24.250
335,35.41,2022-08-17 13:49:24.500
336,35.41,2022-08-17 13:49:24.750
337,35.39,2022-08-17 13:49:25.000
338,35.39,2022-08-17 13:49:25.250
339,35.39,2022-08-17 13:49:25.500
340,35.39,2022-08-17 13:49:25.750
341,35.41,2022-08-17 13:49:26.000
342,35.41,2022-08-17 13:49:26.250
343,35.41,2022-08-17 13:49:26.500
344,35.41,2022-08-17 13:49:26.750
345,35.39,2022-08-17 13:49:27.000
346,35.39,2022-08-17 13:49:27.250
347,35.39,2022-08-17 13:49:27.500
348,35.39,2022-08-17 13:49:27.750
349,35.39,2022-08-17 13:49:28.000
350,35.39,2022-08-17 13:49:28.250
351,35.39,2022-08-17 13:49:28.500
352,35.39,2022-08-17 13:49:28.750
353,35.39,2022-08-17 13:49:29.000
354,35.39,2022-08-17 13:49:29.250
355,35.39,2022-08-17 13:49:29.500
356,35.39,2022-08-17 13:49:29.750
357,35.43,2022-08-17 13:49:30.000
358,35.43,2022-08-17 13:49:30.250
359,35.43,2022-08-17 13:49:30.500
360,35.43,2022-08-17 13:49:30.750
361,35.41,2022-08-17 13:49:31.000
362,35.41,2022-08-17 13:49:31.250
363,35.41,2022-08-17 13:49:31.500
364,35.41,2022-08-17 13:49:31.750
365,35.39,2022-08-17 13:49:32.000
366,35.39,2022-08-17 13:49:32.250
367,35.39,2022-08-17 13:49:32.500
368,35.39,2022-08-17 13:49:32.750
369,35.41,2022-08-17 13:49:33.000
370,35.41,2022-08-17 13:49:33.250
371,35.41,2022-08-17 13:49:33.500
372,35.41,2022-08-17 13:49:33.750
373,35.43,2022-08-17 13:49:34.000
374,35.43,2022-08-17 13:49:34.250
375,35.43,2022-08-17 13:49:34.500
376,35.43,2022-08-17 13:49:34.750
377,35.41,2022-08-17 13:49:35.000
378,35.41,2022-08-17 13:49:35.250
379,35.41,2022-08-17 13:49:35.500
380,35.41,2022-08-17 13:49:35.750
381,35.39,2022-08-17 13:49:36.000
382,35.39,2022-08-17 13:49:36.250
383,35.39,2022-08-17 13:49:36.500
384,35.39,2022-08-17 13:49:36.750
385,35.39,2022-08-17 13:49:37.000
386,35.39,2022-08-17 13:49:37.250
387,35.39,2022-08-17 13:49:37.500
388,35.39,2022-08-17 13:49:37.750
389,35.39,2022-08-17 13:49:38.000
390,35.39,2022-08-17 13:49:38.250
391,35.39,2022-08-17 13:49:38.500
392,35.39,2022-08-17 13:49:38.750
393,35.41,2022-08-17 13:49:39.000
394,35.41,2022-08-17 13:49:39.250
395,35.41,2022-08-17 13:49:39.500
396,35.41,2022-08-17 13:49:39.750
397,35.39,2022-08-17 13:49:40.000
398,35.39,2022-08-17 13:49:40.250
399,35.39,2022-08-17 13:49:40.500
400,35.39,2022-08-17 13:49:40.750
401,35.41,2022-08-17 13:49:41.000
402,35.41,2022-08-17 13:49:41.250
403,35.41,2022-08-17 13:49:41.500
404,35.41,2022-08-17 13:49:41.750
405,35.39,2022-08-17 13:49:42.000
406,35.39,2022-08-17 13:49:42.250
407,35.39,2022-08-17 13:49:42.500
408,35.39,2022-08-17 13:49:42.750
409,35.39,2022-08-17 13:49:43.000
410,35.39,2022-08-17 13:49:43.250
411,35.39,2022-08-17 13:49:43.500
412,35.39,2022-08-17 13:49:43.750
413,35.41,2022-08-17 13:49:44.000
414,35.41,2022-08-17 13:49:44.250
415,35.41,2022-08-17 13:49:44.500
416,35.41,2022-08-17 13:49:44.750
417,35.39,2022-08-17 13:49:45.000
418,35.39,2022-08-17 13:49:45.250
419,35.39,2022-08-17 13:49:45.500
420,35.39,2022-08-17 13:49:45.750
421,35.41,2022-08-17 13:49:46.000
422,35.41,2022-08-17 13:49:46.250
423,35.41,2022-08-17 13:49:46.500
424,35.41,2022-08-17 13:49:46.750
425,35.39,2022-08-17 13:49:47.000
426,35.39,2022-08-17 13:49:47.250
427,35.39,2022-08-17 13:49:47.500
428,35.39,2022-08-17 13:49:47.750
429,35.37,2022-08-17 13:49:48.000
430,35.37,2022-08-17 13:49:48.250
431,35.37,2022-08-17 13:49:48.500
432,35.37,2022-08-17 13:49:48.750
433,35.41,2022-08-17 13:49:49.000
434,35.41,2022-08-17 13:49:49.250
435,35.41,2022-08-17 13:49:49.500
436,35.41,2022-08-17 13:49:49.750
437,35.41,2022-08-17 13:49:50.000
438,35.41,2022-08-17 13:49:50.250
439,35.41,2022-08-17 13:49:50.500
440,35.41,2022-08-17 13:49:50.750
441,35.41,2022-08-17 13:49:51.000
442,35.41,2022-08-17 13:49:51.250
443,35.41,2022-08-17 13:49:51.500
444,35.41,2022-08-17 13:49:51.750
445,35.39,2022-08-17 13:49:52.000
446,35.39,2022-08-17 13:49:52.250
447,35.39,2022-08-17 13:49:52.500
448,35.39,2022-08-17 13:49:52.750
449,35.39,2022-08-17 13:49:53.000
450,35.39,2022-08-17 13:49:53.250
451,35.39,2022-08-17 13:49:53.500
452,35.39,2022-08-17 13:49:53.750
453,35.41,2022-08-17 13:49:54.000
454,35.41,2022-08-17 13:49:54.250
455,35.41,2022-08-17 13:49:54.500
456,35.41,2022-08-17 13:49:54.750
457,35.41,2022-08-17 13:49:55.000
458,35.41,2022-08-17 13:49:55.250
459,35.41,2022-08-17 13:49:55.500
460,35.41,2022-08-17 13:49:55.750
461,35.43,2022-08-17 13:49:56.000
462,35.43,2022-08-17 13:49:56.250
463,35.43,2022-08-17 13:49:56.500
464,35.43,2022-08-17 13:49:56.750
465,35.41,2022-08-17 13:49:57.000
466,35.41,2022-08-17 13:49:57.250
467,35.41,2022-08-17 13:49:57.500
468,35.41,2022-08-17 13:49:57.750
469,35.41,2022-08-17 13:49:58.000
470,35.41,2022-08-17 13:49:58.250
471,35.41,2022-08-17 13:49:58.500
472,35.41,2022-08-17 13:49:58.750
473,35.41,2022-08-17 13:49:59.000
474,35.41,2022-08-17 13:49:59.250
475,35.41,2022-08-17 13:49:59.500
476,35.41,2022-08-17 13:49:59.750
477,35.39,2022-08-17 13:50:00.000
478,35.39,2022-08-17 13:50:00.250
479,35.39,2022-08-17 13:50:00.500
480,35.39,2022-08-17 13:50:00.750
481,35.43,2022-08-17 13:50:01.000
482,35.43,2022-08-17 13:50:01.250
483,35.43,2022-08-17 13:50:01.500
484,35.43,2022-08-17 13:50:01.750
485,35.43,2022-08-17 13:50:02.000
486,35.43,2022-08-17 13:50:02.250
487,35.43,2022-08-17 13:50:02.500
488,35.43,2022-08-17 13:50:02.750
489,35.41,2022-08-17 13:50:03.000
490,35.41,2022-08-17 13:50:03.250
491,35.41,2022-08-17 13:50:03.500
492,35.41,2022-08-17 13:50:03.750
493,35.41,2022-08-17 13:50:04.000
494,35.41,2022-08-17 13:50:04.250
495,35.41,2022-08-17 13:50:04.500
496,35.41,2022-08-17 13:50:04.750
497,35.39,2022-08-17 13:50:05.000
498,35.39,2022-08-17 13:50:05.250
499,35.39,2022-08-17 13:50:05.500
500,35.39,2022-08-17 13:50:05.750
501,35.41,2022-08-17 13:50:06.000
502,35.41,2022-08-17 13:50:06.250
503,35.41,2022-08-17 13:50:06.500
504,35.41,2022-08-17 13:50:06.750
505,35.43,2022-08-17 13:50:07.000
506,35.43,2022-08-17 13:50:07.250
507,35.43,2022-08-17 13:50:07.500
508,35.43,2022-08-17 13:50:07.750
509,35.45,2022-08-17 13:50:08.000
510,35.45,2022-08-17 13:50:08.250
511,35.45,2022-08-17 13:50:08.500
512,35.45,2022-08-17 13:50:08.750
513,35.41,2022-08-17 13:50:09.000
514,35.41,2022-08-17 13:50:09.250
515,35.41,2022-08-17 13:50:09.500
516,35.41,2022-08-17 13:50:09.750
517,35.41,2022-08-17 13:50:10.000
518,35.41,2022-08-17 13:50:10.250
519,35.41,2022-08-17 13:50:10.500
520,35.41,2022-08-17 13:50:10.750
521,35.41,2022-08-17 13:50:11.000
522,35.41,2022-08-17 13:50:11.250
523,35.41,2022-08-17 13:50:11.500
524,35.41,2022-08-17 13:50:11.750
525,35.43,2022-08-17 13:50:12.000
526,35.43,2022-08-17 13:50:12.250
527,35.43,2022-08-17 13:50:12.500
528,35.43,2022-08-17 13:50:12.750
529,35.41,2022-08-17 13:50:13.000
530,35.41,2022-08-17 13:50:13.250
531,35.41,2022-08-17 13:50:13.500
532,35.41,2022-08-17 13:50:13.750
533,35.41,2022-08-17 13:50:14.000
534,35.41,2022-08-17 13:50:14.250
535,35.41,2022-08-17 13:50:14.500
536,35.41,2022-08-17 13:50:14.750
537,35.41,2022-08-17 13:50:15.000
538,35.41,2022-08-17 13:50:15.250
539,35.41,2022-08-17 13:50:15.500
540,35.41,2022-08-17 13:50:15.750
541,35.41,2022-08-17 13:50:16.000
542,35.41,2022-08-17 13:50:16.250
543,35.41,2022-08-17 13:50:16.500
544,35.41,2022-08-17 13:50:16.750
545,35.43,2022-08-17 13:50:17.000
546,35.43,2022-08-17 13:50:17.250
547,35.43,2022-08-17 13:50:17.500
548,35.43,2022-08-17 13:50:17.750
549,35.41,2022-08-17 13:50:18.000
550,35.41,2022-08-17 13:50:18.250
551,35.41,2022-08-17 13:50:18.500
552,35.41,2022-08-17 13:50:18.750
553,35.39,2022-08-17 13:50:19.000
554,35.39,2022-08-17 13:50:19.250
555,35.39,2022-08-17 13:50:19.500
556,35.39,2022-08-17 13:50:19.750
557,35.41,2022-08-17 13:50:20.000
558,35.41,2022-08-17 13:50:20.250
559,35.41,2022-08-17 13:50:20.500
560,35.41,2022-08-17 13:50:20.750
561,35.43,2022-08-17 13:50:21.000
562,35.43,2022-08-17 13:50:21.250
563,35.43,2022-08-17 13:50:21.500
564,35.43,2022-08-17 13:50:21.750
565,35.39,2022-08-17 13:50:22.000
566,35.39,2022-08-17 13:50:22.250
567,35.39,2022-08-17 13:50:22.500
568,35.39,2022-08-17 13:50:22.750
569,35.41,2022-08-17 13:50:23.000
570,35.41,2022-08-17 13:50:23.250
571,35.41,2022-08-17 13:50:23.500
572,35.41,2022-08-17 13:50:23.750
573,35.43,2022-08-17 13:50:24.000
574,35.43,2022-08-17 13:50:24.250
575,35.43,2022-08-17 13:50:24.500
576,35.43,2022-08-17 13:50:24.750
577,35.41,2022-08-17 13:50:25.000
578,35.41,2022-08-17 13:50:25.250
579,35.41,2022-08-17 13:50:25.500
580,35.41,2022-08-17 13:50:25.750
581,35.41,2022-08-17 13:50:26.000
582,35.41,2022-08-17 13:50:26.250
583,35.41,2022-08-17 13:50:26.500
584,35.41,2022-08-17 13:50:26.750
585,35.43,2022-08-17 13:50:27.000
586,35.43,2022-08-17 13:50:27.250
587,35.43,2022-08-17 13:50:27.500
588,35.43,2022-08-17 13:50:27.750
589,35.41,2022-08-17 13:50:28.000
590,35.41,2022-08-17 13:50:28.250
591,35.41,2022-08-17 13:50:28.500
592,35.41,2022-08-17 13:50:28.750
593,35.45,2022-08-17 13:50:29.000
594,35.45,2022-08-17 13:50:29.250
595,35.45,2022-08-17 13:50:29.500
596,35.45,2022-08-17 13:50:29.750
597,35.41,2022-08-17 13:50:30.000
598,35.41,2022-08-17 13:50:30.250
599,35.41,2022-08-17 13:50:30.500
600,35.41,2022-08-17 13:50:30.750
601,35.43,2022-08-17 13:50:31.000
602,35.43,2022-08-17 13:50:31.250
603,35.43,2022-08-17 13:50:31.500
604,35.43,2022-08-17 13:50:31.750
605,35.41,2022-08-17 13:50:32.000
606,35.41,2022-08-17 13:50:32.250
607,35.41,2022-08-17 13:50:32.500
608,35.41,2022-08-17 13:50:32.750
609,35.39,2022-08-17 13:50:33.000
610,35.39,2022-08-17 13:50:33.250
611,35.39,2022-08-17 13:50:33.500
612,35.39,2022-08-17 13:50:33.750
613,35.41,2022-08-17 13:50:34.000
614,35.41,2022-08-17 13:50:34.250
615,35.41,2022-08-17 13:50:34.500
616,35.41,2022-08-17 13:50:34.750
617,35.43,2022-08-17 13:50:35.000
618,35.43,2022-08-17 13:50:35.250
619,35.43,2022-08-17 13:50:35.500
620,35.43,2022-08-17 13:50:35.750
621,35.43,2022-08-17 13:50:36.000
622,35.43,2022-08-17 13:50:36.250
623,35.43,2022-08-17 13:50:36.500
624,35.43,2022-08-17 13:50:36.750
625,35.43,2022-08-17 13:50:37.000
626,35.43,2022-08-17 13:50:37.250
627,35.43,2022-08-17 13:50:37.500
628,35.43,2022-08-17 13:50:37.750
629,35.43,2022-08-17 13:50:38.000
630,35.43,2022-08-17 13:50:38.250
631,35.43,2022-08-17 13:50:38.500
632,35.43,2022-08-17 13:50:38.750
633,35.41,2022-08-17 13:50:39.000
634,35.41,2022-08-17 13:50:39.250
635,35.41,2022-08-17 13:50:39.500
636,35.41,2022-08-17 13:50:39.750
637,35.41,2022-08-17 13:50:40.000
638,35.41,2022-08-17 13:50:40.250
639,35.41,2022-08-17 13:50:40.500
640,35.41,2022-08-17 13:50:40.750
641,35.41,2022-08-17 13:50:41.000
642,35.41,2022-08-17 13:50:41.250
643,35.41,2022-08-17 13:50:41.500
644,35.41,2022-08-17 13:50:41.750
645,35.43,2022-08-17 13:50:42.000
646,35.43,2022-08-17 13:50:42.250
647,35.43,2022-08-17 13:50:42.500
648,35.43,2022-08-17 13:50:42.750
649,35.41,2022-08-17 13:50:43.000
650,35.41,2022-08-17 13:50:43.250
651,35.41,2022-08-17 13:50:43.500
652,35.41,2022-08-17 13:50:43.750
653,35.41,2022-08-17 13:50:44.000
654,35.41,2022-08-17 13:50:44.250
655,35.41,2022-08-17 13:50:44.500
656,35.41,2022-08-17 13:50:44.750
657,35.41,2022-08-17 13:50:45.000
658,35.41,2022-08-17 13:50:45.250
659,35.41,2022-08-17 13:50:45.500
660,35.41,2022-08-17 13:50:45.750
661,35.43,2022-08-17 13:50:46.000
662,35.43,2022-08-17 13:50:46.250
663,35.43,2022-08-17 13:50:46.500
664,35.43,2022-08-17 13:50:46.750
665,35.41,2022-08-17 13:50:47.000
666,35.41,2022-08-17 13:50:47.250
667,35.41,2022-08-17 13:50:47.500
668,35.41,2022-08-17 13:50:47.750
669,35.41,2022-08-17 13:50:48.000
670,35.41,2022-08-17 13:50:48.250
671,35.41,2022-08-17 13:50:48.500
672,35.41,2022-08-17 13:50:48.750
673,35.39,2022-08-17 13:50:49.000
674,35.39,2022-08-17 13:50:49.250
675,35.39,2022-08-17 13:50:49.500
676,35.39,2022-08-17 13:50:49.750
677,35.41,2022-08-17 13:50:50.000
678,35.41,2022-08-17 13:50:50.250
679,35.41,2022-08-17 13:50:50.500
680,35.41,2022-08-17 13:50:50.750
681,35.41,2022-08-17 13:50:51.000
682,35.41,2022-08-17 13:50:51.250
683,35.41,2022-08-17 13:50:51.500
684,35.41,2022-08-17 13:50:51.750
685,35.41,2022-08-17 13:50:52.000
686,35.41,2022-08-17 13:50:52.250
687,35.41,2022-08-17 13:50:52.500
688,35.41,2022-08-17 13:50:52.750
689,35.39,2022-08-17 13:50:53.000
690,35.39,2022-08-17 13:50:53.250
691,35.39,2022-08-17 13:50:53.500
692,35.39,2022-08-17 13:50:53.750
693,35.41,2022-08-17 13:50:54.000
694,35.41,2022-08-17 13:50:54.250
695,35.41,2022-08-17 13:50:54.500
696,35.41,2022-08-17 13:50:54.750
697,35.39,2022-08-17 13:50:55.000
698,35.39,2022-08-17 13:50:55.250
699,35.39,2022-08-17 13:50:55.500
700,35.39,2022-08-17 13:50:55.750
701,35.41,2022-08-17 13:50:56.000
702,35.41,2022-08-17 13:50:56.250
703,35.41,2022-08-17 13:50:56.500
704,35.41,2022-08-17 13:50:56.750
705,35.41,2022-08-17 13:50:57.000
706,35.41,2022-08-17 13:50:57.250
707,35.41,2022-08-17 13:50:57.500
708,35.41,2022-08-17 13:50:57.750
709,35.39,2022-08-17 13:50:58.000
710,35.39,2022-08-17 13:50:58.250
711,35.39,2022-08-17 13:50:58.500
712,35.39,2022-08-17 13:50:58.750
713,35.41,2022-08-17 13:50:59.000
714,35.41,2022-08-17 13:50:59.250
715,35.41,2022-08-17 13:50:59.500
716,35.41,2022-08-17 13:50:59.750
717,35.43,2022-08-17 13:51:00.000
718,35.43,2022-08-17 13:51:00.250
719,35.43,2022-08-17 13:51:00.500
720,35.43,2022-08-17 13:51:00.750
721,35.41,2022-08-17 13:51:01.000
722,35.41,2022-08-17 13:51:01.250
723,35.41,2022-08-17 13:51:01.500
724,35.41,2022-08-17 13:51:01.750
725,35.41,2022-08-17 13:51:02.000
726,35.41,2022-08-17 13:51:02.250
727,35.41,2022-08-17 13:51:02.500
728,35.41,2022-08-17 13:51:02.750
729,35.41,2022-08-17 13:51:03.000
730,35.41,2022-08-17 13:51:03.250
731,35.41,2022-08-17 13:51:03.500
732,35.41,2022-08-17 13:51:03.750
733,35.41,2022-08-17 13:51:04.000
734,35.41,2022-08-17 13:51:04.250
735,35.41,2022-08-17 13:51:04.500
736,35.41,2022-08-17 13:51:04.750
737,35.41,2022-08-17 13:51:05.000
738,35.41,2022-08-17 13:51:05.250
739,35.41,2022-08-17 13:51:05.500
740,35.41,2022-08-17 13:51:05.750
741,35.41,2022-08-17 13:51:06.000
742,35.41,2022-08-17 13:51:06.250
743,35.41,2022-08-17 13:51:06.500
744,35.41,2022-08-17 13:51:06.750
745,35.43,2022-08-17 13:51:07.000
746,35.43,2022-08-17 13:51:07.250
747,35.43,2022-08-17 13:51:07.500
748,35.43,2022-08-17 13:51:07.750
749,35.41,2022-08-17 13:51:08.000
750,35.41,2022-08-17 13:51:08.250
751,35.41,2022-08-17 13:51:08.500
752,35.41,2022-08-17 13:51:08.750
753,35.45,2022-08-17 13:51:09.000
754,35.45,2022-08-17 13:51:09.250
755,35.45,2022-08-17 13:51:09.500
756,35.45,2022-08-17 13:51:09.750
757,35.45,2022-08-17 13:51:10.000
758,35.45,2022-08-17 13:51:10.250
759,35.45,2022-08-17 13:51:10.500
760,35.45,2022-08-17 13:51:10.750
761,35.43,2022-08-17 13:51:11.000
762,35.43,2022-08-17 13:51:11.250
763,35.43,2022-08-17 13:51:11.500
764,35.43,2022-08-17 13:51:11.750
765,35.41,2022-08-17 13:51:12.000
766,35.41,2022-08-17 13:51:12.250
767,35.41,2022-08-17 13:51:12.500
768,35.41,2022-08-17 13:51:12.750
769,35.41,2022-08-17 13:51:13.000
770,35.41,2022-08-17 13:51:13.250
771,35.41,2022-08-17 13:51:13.500
772,35.41,2022-08-17 13:51:13.750
773,35.43,2022-08-17 13:51:14.000
774,35.43,2022-08-17 13:51:14.250
775,35.43,2022-08-17 13:51:14.500
776,35.43,2022-08-17 13:51:14.750
777,35.41,2022-08-17 13:51:15.000
778,35.41,2022-08-17 13:51:15.250
779,35.41,2022-08-17 13:51:15.500
780,35.41,2022-08-17 13:51:15.750
781,35.43,2022-08-17 13:51:16.000
782,35.43,2022-08-17 13:51:16.250
783,35.43,2022-08-17 13:51:16.500
784,35.43,2022-08-17 13:51:16.750
785,35.41,2022-08-17 13:51:17.000
786,35.41,2022-08-17 13:51:17.250
787,35.41,2022-08-17 13:51:17.500
788,35.41,2022-08-17 13:51:17.750
789,35.43,2022-08-17 13:51:18.000
790,35.43,2022-08-17 13:51:18.250
791,35.43,2022-08-17 13:51:18.500
792,35.43,2022-08-17 13:51:18.750
793,35.43,2022-08-17 13:51:19.000
794,35.43,2022-08-17 13:51:19.250
795,35.43,2022-08-17 13:51:19.500
796,35.43,2022-08-17 13:51:19.750
797,35.43,2022-08-17 13:51:20.000
798,35.43,2022-08-17 13:51:20.250
799,35.43,2022-08-17 13:51:20.500
800,35.43,2022-08-17 13:51:20.750
801,35.41,2022-08-17 13:51:21.000
802,35.41,2022-08-17 13:51:21.250
803,35.41,2022-08-17 13:51:21.500
804,35.41,2022-08-17 13:51:21.750
805,35.43,2022-08-17 13:51:22.000
806,35.43,2022-08-17 13:51:22.250
807,35.43,2022-08-17 13:51:22.500
808,35.43,2022-08-17 13:51:22.750
809,35.41,2022-08-17 13:51:23.000
810,35.41,2022-08-17 13:51:23.250
811,35.41,2022-08-17 13:51:23.500
812,35.41,2022-08-17 13:51:23.750
813,35.43,2022-08-17 13:51:24.000
814,35.43,2022-08-17 13:51:24.250
815,35.43,2022-08-17 13:51:24.500
816,35.43,2022-08-17 13:51:24.750
817,35.41,2022-08-17 13:51:25.000
818,35.41,2022-08-17 13:51:25.250
819,35.41,2022-08-17 13:51:25.500
820,35.41,2022-08-17 13:51:25.750
821,35.43,2022-08-17 13:51:26.000
822,35.43,2022-08-17 13:51:26.250
823,35.43,2022-08-17 13:51:26.500
824,35.43,2022-08-17 13:51:26.750
825,35.43,2022-08-17 13:51:27.000
826,35.43,2022-08-17 13:51:27.250
827,35.43,2022-08-17 13:51:27.500
828,35.43,2022-08-17 13:51:27.750
829,35.43,2022-08-17 13:51:28.000
830,35.43,2022-08-17 13:51:28.250
831,35.43,2022-08-17 13:51:28.500
832,35.43,2022-08-17 13:51:28.750
833,35.43,2022-08-17 13:51:29.000
834,35.43,2022-08-17 13:51:29.250
835,35.43,2022-08-17 13:51:29.500
836,35.43,2022-08-17 13:51:29.750
837,35.43,2022-08-17 13:51:30.000
838,35.43,2022-08-17 13:51:30.250
839,35.43,2022-08-17 13:51:30.500
840,35.43,2022-08-17 13:51:30.750
841,35.41,2022-08-17 13:51:31.000
842,35.41,2022-08-17 13:51:31.250
843,35.41,2022-08-17 13:51:31.500
844,35.41,2022-08-17 13:51:31.750
845,35.41,2022-08-17 13:51:32.000
846,35.41,2022-08-17 13:51:32.250
847,35.41,2022-08-17 13:51:32.500
848,35.41,2022-08-17 13:51:32.750
849,35.43,2022-08-17 13:51:33.000
850,35.43,2022-08-17 13:51:33.250
851,35.43,2022-08-17 13:51:33.500
852,35.43,2022-08-17 13:51:33.750
853,35.41,2022-08-17 13:51:34.000
854,35.41,2022-08-17 13:51:34.250
855,35.41,2022-08-17 13:51:34.500
856,35.41,2022-08-17 13:51:34.750
857,35.43,2022-08-17 13:51:35.000
858,35.43,2022-08-17 13:51:35.250
859,35.43,2022-08-17 13:51:35.500
860,35.43,2022-08-17 13:51:35.750
861,35.41,2022-08-17 13:51:36.000
862,35.41,2022-08-17 13:51:36.250
863,35.41,2022-08-17 13:51:36.500
864,35.41,2022-08-17 13:51:36.750
865,35.43,2022-08-17 13:51:37.000
866,35.43,2022-08-17 13:51:37.250
867,35.43,2022-08-17 13:51:37.500
868,35.43,2022-08-17 13:51:37.750
869,35.41,2022-08-17 13:51:38.000
870,35.41,2022-08-17 13:51:38.250
871,35.41,2022-08-17 13:51:38.500
872,35.41,2022-08-17 13:51:38.750
873,35.45,2022-08-17 13:51:39.000
874,35.45,2022-08-17 13:51:39.250
875,35.45,2022-08-17 13:51:39.500
876,35.45,2022-08-17 13:51:39.750
877,35.43,2022-08-17 13:51:40.000
878,35.43,2022-08-17 13:51:40.250
879,35.43,2022-08-17 13:51:40.500
880,35.43,2022-08-17 13:51:40.750
881,35.41,2022-08-17 13:51:41.000
882,35.41,2022-08-17 13:51:41.250
883,35.41,2022-08-17 13:51:41.500
884,35.41,2022-08-17 13:51:41.750
885,35.41,2022-08-17 13:51:42.000
886,35.41,2022-08-17 13:51:42.250
887,35.41,2022-08-17 13:51:42.500
888,35.41,2022-08-17 13:51:42.750
889,35.43,2022-08-17 13:51:43.000
890,35.43,2022-08-17 13:51:43.250
891,35.43,2022-08-17 13:51:43.500
892,35.43,2022-08-17 13:51:43.750
893,35.41,2022-08-17 13:51:44.000
894,35.41,2022-08-17 13:51:44.250
895,35.41,2022-08-17 13:51:44.500
896,35.41,2022-08-17 13:51:44.750
897,35.41,2022-08-17 13:51:45.000
898,35.41,2022-08-17 13:51:45.250
899,35.41,2022-08-17 13:51:45.500
900,35.41,2022-08-17 13:51:45.750
901,35.41,2022-08-17 13:51:46.000
902,35.41,2022-08-17 13:51:46.250
903,35.41,2022-08-17 13:51:46.500
904,35.41,2022-08-17 13:51:46.750
905,35.41,2022-08-17 13:51:47.000
906,35.41,2022-08-17 13:51:47.250
907,35.41,2022-08-17 13:51:47.500
908,35.41,2022-08-17 13:51:47.750
909,35.41,2022-08-17 13:51:48.000
910,35.41,2022-08-17 13:51:48.250
911,35.41,2022-08-17 13:51:48.500
912,35.41,2022-08-17 13:51:48.750
913,35.41,2022-08-17 13:51:49.000
914,35.41,2022-08-17 13:51:49.250
915,35.41,2022-08-17 13:51:49.500
916,35.41,2022-08-17 13:51:49.750
917,35.43,2022-08-17 13:51:50.000
918,35.43,2022-08-17 13:51:50.250
919,35.43,2022-08-17 13:51:50.500
920,35.43,2022-08-17 13:51:50.750
921,35.41,2022-08-17 13:51:51.000
922,35.41,2022-08-17 13:51:51.250
923,35.41,2022-08-17 13:51:51.500
924,35.41,2022-08-17 13:51:51.750
925,35.41,2022-08-17 13:51:52.000
926,35.41,2022-08-17 13:51:52.250
927,35.41,2022-08-17 13:51:52.500
928,35.41,2022-08-17 13:51:52.750
929,35.43,2022-08-17 13:51:53.000
930,35.43,2022-08-17 13:51:53.250
931,35.43,2022-08-17 13:51:53.500
932,35.43,2022-08-17 13:51:53.750
933,35.43,2022-08-17 13:51:54.000
934,35.43,2022-08-17 13:51:54.250
935,35.43,2022-08-17 13:51:54.500
936,35.43,2022-08-17 13:51:54.750
937,35.41,2022-08-17 13:51:55.000
938,35.41,2022-08-17 13:51:55.250
939,35.41,2022-08-17 13:51:55.500
940,35.41,2022-08-17 13:51:55.750
941,35.41,2022-08-17 13:51:56.000
942,35.41,2022-08-17 13:51:56.250
943,35.41,2022-08-17 13:51:56.500
944,35.41,2022-08-17 13:51:56.750
945,35.45,2022-08-17 13:51:57.000
946,35.45,2022-08-17 13:51:57.250
947,35.45,2022-08-17 13:51:57.500
948,35.45,2022-08-17 13:51:57.750
949,35.43,2022-08-17 13:51:58.000
950,35.43,2022-08-17 13:51:58.250
951,35.43,2022-08-17 13:51:58.500
952,35.43,2022-08-17 13:51:58.750
953,35.43,2022-08-17 13:51:59.000
954,35.43,2022-08-17 13:51:59.250
955,35.43,2022-08-17 13:51:59.500
956,35.43,2022-08-17 13:51:59.750
957,35.43,2022-08-17 13:52:00.000
958,35.43,2022-08-17 13:52:00.250
959,35.43,2022-08-17 13:52:00.500
960,35.43,2022-08-17 13:52:00.750
961,35.43,2022-08-17 13:52:01.000
962,35.43,2022-08-17 13:52:01.250
963,35.43,2022-08-17 13:52:01.500
964,35.43,2022-08-17 13:52:01.750
965,35.43,2022-08-17 13:52:02.000
966,35.43,2022-08-17 13:52:02.250
967,35.43,2022-08-17 13:52:02.500
968,35.43,2022-08-17 13:52:02.750
969,35.43,2022-08-17 13:52:03.000
970,35.43,2022-08-17 13:52:03.250
971,35.43,2022-08-17 13:52:03.500
972,35.43,2022-08-17 13:52:03.750
973,35.43,2022-08-17 13:52:04.000
974,35.43,2022-08-17 13:52:04.250
975,35.43,2022-08-17 13:52:04.500
976,35.43,2022-08-17 13:52:04.750
977,35.43,2022-08-17 13:52:05.000
978,35.43,2022-08-17 13:52:05.250
979,35.43,2022-08-17 13:52:05.500
980,35.43,2022-08-17 13:52:05.750
981,35.43,2022-08-17 13:52:06.000
982,35.43,2022-08-17 13:52:06.250
983,35.43,2022-08-17 13:52:06.500
984,35.43,2022-08-17 13:52:06.750
985,35.43,2022-08-17 13:52:07.000
986,35.43,2022-08-17 13:52:07.250
987,35.43,2022-08-17 13:52:07.500
988,35.43,2022-08-17 13:52:07.750
989,35.43,2022-08-17 13:52:08.000
990,35.43,2022-08-17 13:52:08.250
991,35.43,2022-08-17 13:52:08.500
992,35.43,2022-08-17 13:52:08.750
993,35.43,2022-08-17 13:52:09.000
994,35.43,2022-08-17 13:52:09.250
995,35.43,2022-08-17 13:52:09.500
996,35.43,2022-08-17 13:52:09.750
997,35.43,2022-08-17 13:52:10.000
998,35.43,2022-08-17 13:52:10.250
999,35.43,2022-08-17 13:52:10.500
1000,35.43,2022-08-17 13:52:10.750
1001,35.43,2022-08-17 13:52:11.000
1002,35.43,2022-08-17 13:52:11.250
1003,35.43,2022-08-17 13:52:11.500
1004,35.43,2022-08-17 13:52:11.750
1005,35.41,2022-08-17 13:52:12.000
1006,35.41,2022-08-17 13:52:12.250
1007,35.41,2022-08-17 13:52:12.500
1008,35.41,2022-08-17 13:52:12.750
1009,35.41,2022-08-17 13:52:13.000
1010,35.41,2022-08-17 13:52:13.250
1011,35.41,2022-08-17 13:52:13.500
1012,35.41,2022-08-17 13:52:13.750
1013,35.43,2022-08-17 13:52:14.000
1014,35.43,2022-08-17 13:52:14.250
1015,35.43,2022-08-17 13:52:14.500
1016,35.43,2022-08-17 13:52:14.750
1017,35.43,2022-08-17 13:52:15.000
1018,35.43,2022-08-17 13:52:15.250
1019,35.43,2022-08-17 13:52:15.500
1020,35.43,2022-08-17 13:52:15.750
1021,35.43,2022-08-17 13:52:16.000
1022,35.43,2022-08-17 13:52:16.250
1023,35.43,2022-08-17 13:52:16.500
1024,35.43,2022-08-17 13:52:16.750
1025,35.43,2022-08-17 13:52:17.000
1026,35.43,2022-08-17 13:52:17.250
1027,35.43,2022-08-17 13:52:17.500
1028,35.43,2022-08-17 13:52:17.750
1029,35.43,2022-08-17 13:52:18.000
1030,35.43,2022-08-17 13:52:18.250
1031,35.43,2022-08-17 13:52:18.500
1032,35.43,2022-08-17 13:52:18.750
1033,35.45,2022-08-17 13:52:19.000
1034,35.45,2022-08-17 13:52:19.250
1035,35.45,2022-08-17 13:52:19.500
1036,35.45,2022-08-17 13:52:19.750
1037,35.45,2022-08-17 13:52:20.000
1038,35.45,2022-08-17 13:52:20.250
1039,35.45,2022-08-17 13:52:20.500
1040,35.45,2022-08-17 13:52:20.750
1041,35.41,2022-08-17 13:52:21.000
1042,35.41,2022-08-17 13:52:21.250
1043,35.41,2022-08-17 13:52:21.500
1044,35.41,2022-08-17 13:52:21.750
1045,35.43,2022-08-17 13:52:22.000
1046,35.43,2022-08-17 13:52:22.250
1047,35.43,2022-08-17 13:52:22.500
1048,35.43,2022-08-17 13:52:22.750
1049,35.45,2022-08-17 13:52:23.000
1050,35.45,2022-08-17 13:52:23.250
1051,35.45,2022-08-17 13:52:23.500
1052,35.45,2022-08-17 13:52:23.750
1053,35.43,2022-08-17 13:52:24.000
1054,35.43,2022-08-17 13:52:24.250
1055,35.43,2022-08-17 13:52:24.500
1056,35.43,2022-08-17 13:52:24.750
1057,35.43,2022-08-17 13:52:25.000
1058,35.43,2022-08-17 13:52:25.250
1059,35.43,2022-08-17 13:52:25.500
1060,35.43,2022-08-17 13:52:25.750
1061,35.43,2022-08-17 13:52:26.000
1062,35.43,2022-08-17 13:52:26.250
1063,35.43,2022-08-17 13:52:26.500
1064,35.43,2022-08-17 13:52:26.750
1065,35.45,2022-08-17 13:52:27.000
1066,35.45,2022-08-17 13:52:27.250
1067,35.45,2022-08-17 13:52:27.500
1068,35.45,2022-08-17 13:52:27.750
1069,35.45,2022-08-17 13:52:28.000
1070,35.45,2022-08-17 13:52:28.250
1071,35.45,2022-08-17 13:52:28.500
1072,35.45,2022-08-17 13:52:28.750
1073,35.43,2022-08-17 13:52:29.000
1074,35.43,2022-08-17 13:52:29.250
1075,35.43,2022-08-17 13:52:29.500
1076,35.43,2022-08-17 13:52:29.750
1077,35.43,2022-08-17 13:52:30.000
1078,35.43,2022-08-17 13:52:30.250
1079,35.43,2022-08-17 13:52:30.500
1080,35.43,2022-08-17 13:52:30.750
1081,35.47,2022-08-17 13:52:31.000
1082,35.47,2022-08-17 13:52:31.250
1083,35.47,2022-08-17 13:52:31.500
1084,35.47,2022-08-17 13:52:31.750
1085,35.43,2022-08-17 13:52:32.000
1086,35.43,2022-08-17 13:52:32.250
1087,35.43,2022-08-17 13:52:32.500
1088,35.43,2022-08-17 13:52:32.750
1089,35.45,2022-08-17 13:52:33.000
1090,35.45,2022-08-17 13:52:33.250
1091,35.45,2022-08-17 13:52:33.500
1092,35.45,2022-08-17 13:52:33.750
1093,35.45,2022-08-17 13:52:34.000
1094,35.45,2022-08-17 13:52:34.250
1095,35.45,2022-08-17 13:52:34.500
1096,35.45,2022-08-17 13:52:34.750
1097,35.41,2022-08-17 13:52:35.000
1098,35.41,2022-08-17 13:52:35.250
1099,35.41,2022-08-17 13:52:35.500
1100,35.41,2022-08-17 13:52:35.750
1101,35.45,2022-08-17 13:52:36.000
1102,35.45,2022-08-17 13:52:36.250
1103,35.45,2022-08-17 13:52:36.500
1104,35.45,2022-08-17 13:52:36.750
1105,35.43,2022-08-17 13:52:37.000
1106,35.43,2022-08-17 13:52:37.250
1107,35.43,2022-08-17 13:52:37.500
1108,35.43,2022-08-17 13:52:37.750
1109,35.45,2022-08-17 13:52:38.000
1110,35.45,2022-08-17 13:52:38.250
1111,35.45,2022-08-17 13:52:38.500
1112,35.45,2022-08-17 13:52:38.750
1113,35.43,2022-08-17 13:52:39.000
1114,35.43,2022-08-17 13:52:39.250
1115,35.43,2022-08-17 13:52:39.500
1116,35.43,2022-08-17 13:52:39.750
1117,35.43,2022-08-17 13:52:40.000
1118,35.43,2022-08-17 13:52:40.250
1119,35.43,2022-08-17 13:52:40.500
1120,35.43,2022-08-17 13:52:40.750
1121,35.43,2022-08-17 13:52:41.000
1122,35.43,2022-08-17 13:52:41.250
1123,35.43,2022-08-17 13:52:41.500
1124,35.43,2022-08-17 13:52:41.750
1125,35.41,2022-08-17 13:52:42.000
1126,35.41,2022-08-17 13:52:42.250
1127,35.41,2022-08-17 13:52:42.500
1128,35.41,2022-08-17 13:52:42.750
1129,35.45,2022-08-17 13:52:43.000
1130,35.45,2022-08-17 13:52:43.250
1131,35.45,2022-08-17 13:52:43.500
1132,35.45,2022-08-17 13:52:43.750
1133,35.43,2022-08-17 13:52:44.000
1134,35.43,2022-08-17 13:52:44.250
1135,35.43,2022-08-17 13:52:44.500
1136,35.43,2022-08-17 13:52:44.750
1137,35.45,2022-08-17 13:52:45.000
1138,35.45,2022-08-17 13:52:45.250
1139,35.45,2022-08-17 13:52:45.500
1140,35.45,2022-08-17 13:52:45.750
1141,35.43,2022-08-17 13:52:46.000
1142,35.43,2022-08-17 13:52:46.250
1143,35.43,2022-08-17 13:52:46.500
1144,35.43,2022-08-17 13:52:46.750
1145,35.45,2022-08-17 13:52:47.000
1146,35.45,2022-08-17 13:52:47.250
1147,35.45,2022-08-17 13:52:47.500
1148,35.45,2022-08-17 13:52:47.750
1149,35.43,2022-08-17 13:52:48.000
1150,35.43,2022-08-17 13:52:48.250
1151,35.43,2022-08-17 13:52:48.500
1152,35.43,2022-08-17 13:52:48.750
1153,35.43,2022-08-17 13:52:49.000
1154,35.43,2022-08-17 13:52:49.250
1155,35.43,2022-08-17 13:52:49.500
1156,35.43,2022-08-17 13:52:49.750
1157,35.45,2022-08-17 13:52:50.000
1158,35.45,2022-08-17 13:52:50.250
1159,35.45,2022-08-17 13:52:50.500
1160,35.45,2022-08-17 13:52:50.750
1161,35.43,2022-08-17 13:52:51.000
1162,35.43,2022-08-17 13:52:51.250
1163,35.43,2022-08-17 13:52:51.500
1164,35.43,2022-08-17 13:52:51.750
1165,35.43,2022-08-17 13:52:52.000
1166,35.43,2022-08-17 13:52:52.250
1167,35.43,2022-08-17 13:52:52.500
1168,35.43,2022-08-17 13:52:52.750
1169,35.47,2022-08-17 13:52:53.000
1170,35.47,2022-08-17 13:52:53.250
1171,35.47,2022-08-17 13:52:53.500
1172,35.47,2022-08-17 13:52:53.750
1173,35.43,2022-08-17 13:52:54.000
1174,35.43,2022-08-17 13:52:54.250
1175,35.43,2022-08-17 13:52:54.500
1176,35.43,2022-08-17 13:52:54.750
1177,35.45,2022-08-17 13:52:55.000
1178,35.45,2022-08-17 13:52:55.250
1179,35.45,2022-08-17 13:52:55.500
1180,35.45,2022-08-17 13:52:55.750
1181,35.45,2022-08-17 13:52:56.000
1182,35.45,2022-08-17 13:52:56.250
1183,35.45,2022-08-17 13:52:56.500
1184,35.45,2022-08-17 13:52:56.750
1185,35.43,2022-08-17 13:52:57.000
1186,35.43,2022-08-17 13:52:57.250
1187,35.43,2022-08-17 13:52:57.500
1188,35.43,2022-08-17 13:52:57.750
1189,35.45,2022-08-17 13:52:58.000
1190,35.45,2022-08-17 13:52:58.250
1191,35.45,2022-08-17 13:52:58.500
1192,35.45,2022-08-17 13:52:58.750
1193,35.43,2022-08-17 13:52:59.000
1194,35.43,2022-08-17 13:52:59.250
1195,35.43,2022-08-17 13:52:59.500
1196,35.43,2022-08-17 13:52:59.750
1197,35.43,2022-08-17 13:53:00.000
1198,35.43,2022-08-17 13:53:00.250
1199,35.43,2022-08-17 13:53:00.500
1200,35.43,2022-08-17 13:53:00.750
1201,35.43,2022-08-17 13:53:01.000
1202,35.43,2022-08-17 13:53:01.250
1203,35.43,2022-08-17 13:53:01.500
