,EDA,time
0,1.313325,2022-10-26 10:57:49.750
1,1.32101,2022-10-26 10:57:50.000
2,1.3171680000000001,2022-10-26 10:57:50.250
3,1.323572,2022-10-26 10:57:50.500
4,1.3286950000000002,2022-10-26 10:57:50.750
5,1.3286950000000002,2022-10-26 10:57:51.000
6,1.333819,2022-10-26 10:57:51.250
7,1.3351,2022-10-26 10:57:51.500
8,1.3351,2022-10-26 10:57:51.750
9,1.329976,2022-10-26 10:57:52.000
10,1.331257,2022-10-26 10:57:52.250
11,1.3286950000000002,2022-10-26 10:57:52.500
12,1.324853,2022-10-26 10:57:52.750
13,1.32101,2022-10-26 10:57:53.000
14,1.3197290000000002,2022-10-26 10:57:53.250
15,1.327415,2022-10-26 10:57:53.500
16,1.333819,2022-10-26 10:57:53.750
17,1.344066,2022-10-26 10:57:54.000
18,1.360717,2022-10-26 10:57:54.250
19,1.3722450000000002,2022-10-26 10:57:54.500
20,1.382492,2022-10-26 10:57:54.750
21,1.39402,2022-10-26 10:57:55.000
22,1.3965809999999999,2022-10-26 10:57:55.250
23,1.418356,2022-10-26 10:57:55.500
24,1.406828,2022-10-26 10:57:55.750
25,1.408109,2022-10-26 10:57:56.000
26,1.413233,2022-10-26 10:57:56.250
27,1.428603,2022-10-26 10:57:56.500
28,1.45294,2022-10-26 10:57:56.750
29,1.491366,2022-10-26 10:57:57.000
30,1.5426,2022-10-26 10:57:57.250
31,1.584869,2022-10-26 10:57:57.500
32,1.609205,2022-10-26 10:57:57.750
33,1.6258569999999999,2022-10-26 10:57:58.000
34,1.651474,2022-10-26 10:57:58.250
35,1.6604400000000001,2022-10-26 10:57:58.500
36,1.661721,2022-10-26 10:57:58.750
37,1.659159,2022-10-26 10:57:59.000
38,1.64507,2022-10-26 10:57:59.250
39,1.638665,2022-10-26 10:57:59.500
40,1.633542,2022-10-26 10:57:59.750
41,1.6194520000000001,2022-10-26 10:58:00.000
42,1.6143290000000001,2022-10-26 10:58:00.250
43,1.606644,2022-10-26 10:58:00.500
44,1.604082,2022-10-26 10:58:00.750
45,1.6053629999999999,2022-10-26 10:58:01.000
46,1.6053629999999999,2022-10-26 10:58:01.250
47,1.602801,2022-10-26 10:58:01.500
48,1.607925,2022-10-26 10:58:01.750
49,1.609205,2022-10-26 10:58:02.000
50,1.60152,2022-10-26 10:58:02.250
51,1.6053629999999999,2022-10-26 10:58:02.500
52,1.602801,2022-10-26 10:58:02.750
53,1.598959,2022-10-26 10:58:03.000
54,1.591273,2022-10-26 10:58:03.250
55,1.5887120000000001,2022-10-26 10:58:03.500
56,1.582307,2022-10-26 10:58:03.750
57,1.5797459999999999,2022-10-26 10:58:04.000
58,1.5733409999999999,2022-10-26 10:58:04.250
59,1.565656,2022-10-26 10:58:04.500
60,1.564375,2022-10-26 10:58:04.750
61,1.561813,2022-10-26 10:58:05.000
62,1.561813,2022-10-26 10:58:05.250
63,1.557971,2022-10-26 10:58:05.500
64,1.55669,2022-10-26 10:58:05.750
65,1.549005,2022-10-26 10:58:06.000
66,1.5477239999999999,2022-10-26 10:58:06.250
67,1.5426,2022-10-26 10:58:06.500
68,1.541319,2022-10-26 10:58:06.750
69,1.540039,2022-10-26 10:58:07.000
70,1.534915,2022-10-26 10:58:07.250
71,1.537477,2022-10-26 10:58:07.500
72,1.537477,2022-10-26 10:58:07.750
73,1.538758,2022-10-26 10:58:08.000
74,1.532353,2022-10-26 10:58:08.250
75,1.5272299999999999,2022-10-26 10:58:08.500
76,1.5182639999999998,2022-10-26 10:58:08.750
77,1.523387,2022-10-26 10:58:09.000
78,1.525949,2022-10-26 10:58:09.250
79,1.528511,2022-10-26 10:58:09.500
80,1.522106,2022-10-26 10:58:09.750
81,1.5182639999999998,2022-10-26 10:58:10.000
82,1.5182639999999998,2022-10-26 10:58:10.250
83,1.51186,2022-10-26 10:58:10.500
84,1.504174,2022-10-26 10:58:10.750
85,1.502893,2022-10-26 10:58:11.000
86,1.505455,2022-10-26 10:58:11.250
87,1.5016129999999999,2022-10-26 10:58:11.500
88,1.49777,2022-10-26 10:58:11.750
89,1.495208,2022-10-26 10:58:12.000
90,1.490085,2022-10-26 10:58:12.250
91,1.481119,2022-10-26 10:58:12.500
92,1.479838,2022-10-26 10:58:12.750
93,1.479838,2022-10-26 10:58:13.000
94,1.484961,2022-10-26 10:58:13.250
95,1.484961,2022-10-26 10:58:13.500
96,1.486242,2022-10-26 10:58:13.750
97,1.4836799999999999,2022-10-26 10:58:14.000
98,1.481119,2022-10-26 10:58:14.250
99,1.479838,2022-10-26 10:58:14.500
100,1.477276,2022-10-26 10:58:14.750
101,1.479838,2022-10-26 10:58:15.000
102,1.478557,2022-10-26 10:58:15.250
103,1.49777,2022-10-26 10:58:15.500
104,1.493927,2022-10-26 10:58:15.750
105,1.488804,2022-10-26 10:58:16.000
106,1.5195450000000001,2022-10-26 10:58:16.250
107,1.506736,2022-10-26 10:58:16.500
108,1.5016129999999999,2022-10-26 10:58:16.750
109,1.499051,2022-10-26 10:58:17.000
110,1.496489,2022-10-26 10:58:17.250
111,1.492646,2022-10-26 10:58:17.500
112,1.491366,2022-10-26 10:58:17.750
113,1.484961,2022-10-26 10:58:18.000
114,1.486242,2022-10-26 10:58:18.250
115,1.4836799999999999,2022-10-26 10:58:18.500
116,1.46831,2022-10-26 10:58:18.750
117,1.465748,2022-10-26 10:58:19.000
118,1.463187,2022-10-26 10:58:19.250
119,1.456782,2022-10-26 10:58:19.500
120,1.45422,2022-10-26 10:58:19.750
121,1.461906,2022-10-26 10:58:20.000
122,1.465748,2022-10-26 10:58:20.250
123,1.465748,2022-10-26 10:58:20.500
124,1.4670290000000001,2022-10-26 10:58:20.750
125,1.46831,2022-10-26 10:58:21.000
126,1.4670290000000001,2022-10-26 10:58:21.250
127,1.464467,2022-10-26 10:58:21.500
128,1.469591,2022-10-26 10:58:21.750
129,1.463187,2022-10-26 10:58:22.000
130,1.463187,2022-10-26 10:58:22.250
131,1.461906,2022-10-26 10:58:22.500
132,1.461906,2022-10-26 10:58:22.750
133,1.460625,2022-10-26 10:58:23.000
134,1.461906,2022-10-26 10:58:23.250
135,1.464467,2022-10-26 10:58:23.500
136,1.470872,2022-10-26 10:58:23.750
137,1.4670290000000001,2022-10-26 10:58:24.000
138,1.464467,2022-10-26 10:58:24.250
139,1.464467,2022-10-26 10:58:24.500
140,1.460625,2022-10-26 10:58:24.750
141,1.463187,2022-10-26 10:58:25.000
142,1.461906,2022-10-26 10:58:25.250
143,1.456782,2022-10-26 10:58:25.500
144,1.456782,2022-10-26 10:58:25.750
145,1.45422,2022-10-26 10:58:26.000
146,1.445254,2022-10-26 10:58:26.250
147,1.442693,2022-10-26 10:58:26.500
148,1.43885,2022-10-26 10:58:26.750
149,1.43885,2022-10-26 10:58:27.000
150,1.4465350000000001,2022-10-26 10:58:27.250
151,1.4490969999999999,2022-10-26 10:58:27.500
152,1.456782,2022-10-26 10:58:27.750
153,1.461906,2022-10-26 10:58:28.000
154,1.465748,2022-10-26 10:58:28.250
155,1.470872,2022-10-26 10:58:28.500
156,1.479838,2022-10-26 10:58:28.750
157,1.4759950000000002,2022-10-26 10:58:29.000
158,1.459344,2022-10-26 10:58:29.250
159,1.459344,2022-10-26 10:58:29.500
160,1.45294,2022-10-26 10:58:29.750
161,1.45422,2022-10-26 10:58:30.000
162,1.451659,2022-10-26 10:58:30.250
163,1.451659,2022-10-26 10:58:30.500
164,1.4490969999999999,2022-10-26 10:58:30.750
165,1.4490969999999999,2022-10-26 10:58:31.000
166,1.451659,2022-10-26 10:58:31.250
167,1.451659,2022-10-26 10:58:31.500
168,1.45422,2022-10-26 10:58:31.750
169,1.451659,2022-10-26 10:58:32.000
170,1.460625,2022-10-26 10:58:32.250
171,1.470872,2022-10-26 10:58:32.500
172,1.470872,2022-10-26 10:58:32.750
173,1.459344,2022-10-26 10:58:33.000
174,1.460625,2022-10-26 10:58:33.250
175,1.45294,2022-10-26 10:58:33.500
176,1.455501,2022-10-26 10:58:33.750
177,1.451659,2022-10-26 10:58:34.000
178,1.451659,2022-10-26 10:58:34.250
179,1.4490969999999999,2022-10-26 10:58:34.500
180,1.447816,2022-10-26 10:58:34.750
181,1.442693,2022-10-26 10:58:35.000
182,1.442693,2022-10-26 10:58:35.250
183,1.4439739999999999,2022-10-26 10:58:35.500
184,1.440131,2022-10-26 10:58:35.750
185,1.4439739999999999,2022-10-26 10:58:36.000
186,1.4439739999999999,2022-10-26 10:58:36.250
187,1.4414120000000001,2022-10-26 10:58:36.500
188,1.440131,2022-10-26 10:58:36.750
189,1.43885,2022-10-26 10:58:37.000
190,1.440131,2022-10-26 10:58:37.250
191,1.440131,2022-10-26 10:58:37.500
192,1.4414120000000001,2022-10-26 10:58:37.750
193,1.455501,2022-10-26 10:58:38.000
194,1.5195450000000001,2022-10-26 10:58:38.250
195,1.496489,2022-10-26 10:58:38.500
196,1.479838,2022-10-26 10:58:38.750
197,1.478557,2022-10-26 10:58:39.000
198,1.478557,2022-10-26 10:58:39.250
199,1.472153,2022-10-26 10:58:39.500
200,1.4670290000000001,2022-10-26 10:58:39.750
201,1.4670290000000001,2022-10-26 10:58:40.000
202,1.459344,2022-10-26 10:58:40.250
203,1.459344,2022-10-26 10:58:40.500
204,1.4580629999999999,2022-10-26 10:58:40.750
205,1.461906,2022-10-26 10:58:41.000
206,1.4580629999999999,2022-10-26 10:58:41.250
207,1.459344,2022-10-26 10:58:41.500
208,1.451659,2022-10-26 10:58:41.750
209,1.45422,2022-10-26 10:58:42.000
210,1.45422,2022-10-26 10:58:42.250
211,1.45294,2022-10-26 10:58:42.500
212,1.45294,2022-10-26 10:58:42.750
213,1.45294,2022-10-26 10:58:43.000
214,1.447816,2022-10-26 10:58:43.250
215,1.4465350000000001,2022-10-26 10:58:43.500
216,1.4490969999999999,2022-10-26 10:58:43.750
217,1.4465350000000001,2022-10-26 10:58:44.000
218,1.4490969999999999,2022-10-26 10:58:44.250
219,1.4490969999999999,2022-10-26 10:58:44.500
220,1.4580629999999999,2022-10-26 10:58:44.750
221,1.469591,2022-10-26 10:58:45.000
222,1.477276,2022-10-26 10:58:45.250
223,1.481119,2022-10-26 10:58:45.500
224,1.481119,2022-10-26 10:58:45.750
225,1.499051,2022-10-26 10:58:46.000
226,1.531072,2022-10-26 10:58:46.250
227,1.528511,2022-10-26 10:58:46.500
228,1.520826,2022-10-26 10:58:46.750
229,1.502893,2022-10-26 10:58:47.000
230,1.495208,2022-10-26 10:58:47.250
231,1.488804,2022-10-26 10:58:47.500
232,1.4836799999999999,2022-10-26 10:58:47.750
233,1.5182639999999998,2022-10-26 10:58:48.000
234,1.499051,2022-10-26 10:58:48.250
235,1.4836799999999999,2022-10-26 10:58:48.500
236,1.4747139999999999,2022-10-26 10:58:48.750
237,1.472153,2022-10-26 10:58:49.000
238,1.469591,2022-10-26 10:58:49.250
239,1.472153,2022-10-26 10:58:49.500
240,1.463187,2022-10-26 10:58:49.750
241,1.461906,2022-10-26 10:58:50.000
242,1.461906,2022-10-26 10:58:50.250
243,1.460625,2022-10-26 10:58:50.500
244,1.45422,2022-10-26 10:58:50.750
245,1.45294,2022-10-26 10:58:51.000
246,1.45294,2022-10-26 10:58:51.250
247,1.451659,2022-10-26 10:58:51.500
248,1.4503780000000002,2022-10-26 10:58:51.750
249,1.4490969999999999,2022-10-26 10:58:52.000
250,1.4490969999999999,2022-10-26 10:58:52.250
251,1.4490969999999999,2022-10-26 10:58:52.500
252,1.4439739999999999,2022-10-26 10:58:52.750
253,1.4414120000000001,2022-10-26 10:58:53.000
254,1.43885,2022-10-26 10:58:53.250
255,1.442693,2022-10-26 10:58:53.500
256,1.4465350000000001,2022-10-26 10:58:53.750
257,1.4490969999999999,2022-10-26 10:58:54.000
258,1.455501,2022-10-26 10:58:54.250
259,1.460625,2022-10-26 10:58:54.500
260,1.470872,2022-10-26 10:58:54.750
261,1.477276,2022-10-26 10:58:55.000
262,1.478557,2022-10-26 10:58:55.250
263,1.4824,2022-10-26 10:58:55.500
264,1.4836799999999999,2022-10-26 10:58:55.750
265,1.4836799999999999,2022-10-26 10:58:56.000
266,1.479838,2022-10-26 10:58:56.250
267,1.4759950000000002,2022-10-26 10:58:56.500
268,1.46831,2022-10-26 10:58:56.750
269,1.4670290000000001,2022-10-26 10:58:57.000
270,1.463187,2022-10-26 10:58:57.250
271,1.4580629999999999,2022-10-26 10:58:57.500
272,1.451659,2022-10-26 10:58:57.750
273,1.4503780000000002,2022-10-26 10:58:58.000
274,1.4503780000000002,2022-10-26 10:58:58.250
275,1.4465350000000001,2022-10-26 10:58:58.500
276,1.4414120000000001,2022-10-26 10:58:58.750
277,1.442693,2022-10-26 10:58:59.000
278,1.437569,2022-10-26 10:58:59.250
279,1.437569,2022-10-26 10:58:59.500
280,1.435007,2022-10-26 10:58:59.750
281,1.433727,2022-10-26 10:59:00.000
282,1.431165,2022-10-26 10:59:00.250
283,1.428603,2022-10-26 10:59:00.500
284,1.427322,2022-10-26 10:59:00.750
285,1.426041,2022-10-26 10:59:01.000
286,1.429884,2022-10-26 10:59:01.250
287,1.437569,2022-10-26 10:59:01.500
288,1.445254,2022-10-26 10:59:01.750
289,1.4503780000000002,2022-10-26 10:59:02.000
290,1.456782,2022-10-26 10:59:02.250
291,1.4580629999999999,2022-10-26 10:59:02.500
292,1.461906,2022-10-26 10:59:02.750
293,1.463187,2022-10-26 10:59:03.000
294,1.461906,2022-10-26 10:59:03.250
295,1.456782,2022-10-26 10:59:03.500
296,1.45422,2022-10-26 10:59:03.750
297,1.451659,2022-10-26 10:59:04.000
298,1.447816,2022-10-26 10:59:04.250
299,1.456782,2022-10-26 10:59:04.500
300,1.451659,2022-10-26 10:59:04.750
301,1.45422,2022-10-26 10:59:05.000
302,1.4503780000000002,2022-10-26 10:59:05.250
303,1.447816,2022-10-26 10:59:05.500
304,1.447816,2022-10-26 10:59:05.750
305,1.447816,2022-10-26 10:59:06.000
306,1.445254,2022-10-26 10:59:06.250
307,1.442693,2022-10-26 10:59:06.500
308,1.440131,2022-10-26 10:59:06.750
309,1.436288,2022-10-26 10:59:07.000
310,1.436288,2022-10-26 10:59:07.250
311,1.437569,2022-10-26 10:59:07.500
312,1.436288,2022-10-26 10:59:07.750
313,1.433727,2022-10-26 10:59:08.000
314,1.427322,2022-10-26 10:59:08.250
315,1.427322,2022-10-26 10:59:08.500
316,1.427322,2022-10-26 10:59:08.750
317,1.4234799999999999,2022-10-26 10:59:09.000
318,1.422199,2022-10-26 10:59:09.250
319,1.426041,2022-10-26 10:59:09.500
320,1.42476,2022-10-26 10:59:09.750
321,1.427322,2022-10-26 10:59:10.000
322,1.427322,2022-10-26 10:59:10.250
323,1.426041,2022-10-26 10:59:10.500
324,1.42476,2022-10-26 10:59:10.750
325,1.422199,2022-10-26 10:59:11.000
326,1.426041,2022-10-26 10:59:11.250
327,1.426041,2022-10-26 10:59:11.500
328,1.428603,2022-10-26 10:59:11.750
329,1.4324459999999999,2022-10-26 10:59:12.000
330,1.43885,2022-10-26 10:59:12.250
331,1.43885,2022-10-26 10:59:12.500
332,1.442693,2022-10-26 10:59:12.750
333,1.4414120000000001,2022-10-26 10:59:13.000
334,1.440131,2022-10-26 10:59:13.250
335,1.4414120000000001,2022-10-26 10:59:13.500
336,1.442693,2022-10-26 10:59:13.750
337,1.4439739999999999,2022-10-26 10:59:14.000
338,1.437569,2022-10-26 10:59:14.250
339,1.437569,2022-10-26 10:59:14.500
340,1.437569,2022-10-26 10:59:14.750
341,1.433727,2022-10-26 10:59:15.000
342,1.428603,2022-10-26 10:59:15.250
343,1.429884,2022-10-26 10:59:15.500
344,1.42476,2022-10-26 10:59:15.750
345,1.426041,2022-10-26 10:59:16.000
346,1.42476,2022-10-26 10:59:16.250
347,1.418356,2022-10-26 10:59:16.500
348,1.422199,2022-10-26 10:59:16.750
349,1.414514,2022-10-26 10:59:17.000
350,1.413233,2022-10-26 10:59:17.250
351,1.414514,2022-10-26 10:59:17.500
352,1.410671,2022-10-26 10:59:17.750
353,1.408109,2022-10-26 10:59:18.000
354,1.413233,2022-10-26 10:59:18.250
355,1.419637,2022-10-26 10:59:18.500
356,1.4324459999999999,2022-10-26 10:59:18.750
357,1.45422,2022-10-26 10:59:19.000
358,1.470872,2022-10-26 10:59:19.250
359,1.492646,2022-10-26 10:59:19.500
360,1.506736,2022-10-26 10:59:19.750
361,1.522106,2022-10-26 10:59:20.000
362,1.528511,2022-10-26 10:59:20.250
363,1.536196,2022-10-26 10:59:20.500
364,1.538758,2022-10-26 10:59:20.750
365,1.5426,2022-10-26 10:59:21.000
366,1.541319,2022-10-26 10:59:21.250
367,1.536196,2022-10-26 10:59:21.500
368,1.533634,2022-10-26 10:59:21.750
369,1.5246680000000001,2022-10-26 10:59:22.000
370,1.5195450000000001,2022-10-26 10:59:22.250
371,1.51186,2022-10-26 10:59:22.500
372,1.505455,2022-10-26 10:59:22.750
373,1.500332,2022-10-26 10:59:23.000
374,1.492646,2022-10-26 10:59:23.250
375,1.487523,2022-10-26 10:59:23.500
376,1.4824,2022-10-26 10:59:23.750
377,1.478557,2022-10-26 10:59:24.000
378,1.4747139999999999,2022-10-26 10:59:24.250
379,1.46831,2022-10-26 10:59:24.500
380,1.464467,2022-10-26 10:59:24.750
381,1.463187,2022-10-26 10:59:25.000
382,1.465748,2022-10-26 10:59:25.250
383,1.4580629999999999,2022-10-26 10:59:25.500
384,1.451659,2022-10-26 10:59:25.750
385,1.45422,2022-10-26 10:59:26.000
386,1.445254,2022-10-26 10:59:26.250
387,1.4465350000000001,2022-10-26 10:59:26.500
388,1.4465350000000001,2022-10-26 10:59:26.750
389,1.442693,2022-10-26 10:59:27.000
390,1.442693,2022-10-26 10:59:27.250
391,1.437569,2022-10-26 10:59:27.500
392,1.440131,2022-10-26 10:59:27.750
393,1.437569,2022-10-26 10:59:28.000
394,1.435007,2022-10-26 10:59:28.250
395,1.437569,2022-10-26 10:59:28.500
396,1.43885,2022-10-26 10:59:28.750
397,1.43885,2022-10-26 10:59:29.000
398,1.437569,2022-10-26 10:59:29.250
399,1.440131,2022-10-26 10:59:29.500
400,1.433727,2022-10-26 10:59:29.750
401,1.433727,2022-10-26 10:59:30.000
402,1.4324459999999999,2022-10-26 10:59:30.250
403,1.429884,2022-10-26 10:59:30.500
404,1.427322,2022-10-26 10:59:30.750
405,1.42476,2022-10-26 10:59:31.000
406,1.4234799999999999,2022-10-26 10:59:31.250
407,1.42476,2022-10-26 10:59:31.500
408,1.4209180000000001,2022-10-26 10:59:31.750
409,1.4209180000000001,2022-10-26 10:59:32.000
410,1.419637,2022-10-26 10:59:32.250
411,1.419637,2022-10-26 10:59:32.500
412,1.419637,2022-10-26 10:59:32.750
413,1.413233,2022-10-26 10:59:33.000
414,1.414514,2022-10-26 10:59:33.250
415,1.410671,2022-10-26 10:59:33.500
416,1.40939,2022-10-26 10:59:33.750
417,1.408109,2022-10-26 10:59:34.000
418,1.404267,2022-10-26 10:59:34.250
419,1.406828,2022-10-26 10:59:34.500
420,1.404267,2022-10-26 10:59:34.750
421,1.402986,2022-10-26 10:59:35.000
422,1.401705,2022-10-26 10:59:35.250
423,1.401705,2022-10-26 10:59:35.500
424,1.399143,2022-10-26 10:59:35.750
425,1.399143,2022-10-26 10:59:36.000
426,1.3953010000000001,2022-10-26 10:59:36.250
427,1.39402,2022-10-26 10:59:36.500
428,1.392739,2022-10-26 10:59:36.750
429,1.3953010000000001,2022-10-26 10:59:37.000
430,1.392739,2022-10-26 10:59:37.250
431,1.391458,2022-10-26 10:59:37.500
432,1.391458,2022-10-26 10:59:37.750
433,1.388896,2022-10-26 10:59:38.000
434,1.392739,2022-10-26 10:59:38.250
435,1.392739,2022-10-26 10:59:38.500
436,1.39402,2022-10-26 10:59:38.750
437,1.392739,2022-10-26 10:59:39.000
438,1.399143,2022-10-26 10:59:39.250
439,1.39402,2022-10-26 10:59:39.500
440,1.39402,2022-10-26 10:59:39.750
441,1.390177,2022-10-26 10:59:40.000
442,1.390177,2022-10-26 10:59:40.250
443,1.388896,2022-10-26 10:59:40.500
444,1.387615,2022-10-26 10:59:40.750
445,1.383773,2022-10-26 10:59:41.000
446,1.381211,2022-10-26 10:59:41.250
447,1.3799299999999999,2022-10-26 10:59:41.500
448,1.381211,2022-10-26 10:59:41.750
449,1.376087,2022-10-26 10:59:42.000
450,1.374807,2022-10-26 10:59:42.250
451,1.377368,2022-10-26 10:59:42.500
452,1.3799299999999999,2022-10-26 10:59:42.750
453,1.383773,2022-10-26 10:59:43.000
454,1.386334,2022-10-26 10:59:43.250
455,1.390177,2022-10-26 10:59:43.500
456,1.391458,2022-10-26 10:59:43.750
457,1.39402,2022-10-26 10:59:44.000
458,1.391458,2022-10-26 10:59:44.250
459,1.3965809999999999,2022-10-26 10:59:44.500
460,1.39402,2022-10-26 10:59:44.750
461,1.390177,2022-10-26 10:59:45.000
462,1.391458,2022-10-26 10:59:45.250
463,1.385054,2022-10-26 10:59:45.500
464,1.383773,2022-10-26 10:59:45.750
465,1.383773,2022-10-26 10:59:46.000
466,1.377368,2022-10-26 10:59:46.250
467,1.374807,2022-10-26 10:59:46.500
468,1.377368,2022-10-26 10:59:46.750
469,1.3722450000000002,2022-10-26 10:59:47.000
470,1.3722450000000002,2022-10-26 10:59:47.250
471,1.369683,2022-10-26 10:59:47.500
472,1.365841,2022-10-26 10:59:47.750
473,1.3632790000000001,2022-10-26 10:59:48.000
474,1.365841,2022-10-26 10:59:48.250
475,1.361998,2022-10-26 10:59:48.500
476,1.358155,2022-10-26 10:59:48.750
477,1.36456,2022-10-26 10:59:49.000
478,1.3543129999999999,2022-10-26 10:59:49.250
479,1.361998,2022-10-26 10:59:49.500
480,1.353032,2022-10-26 10:59:49.750
481,1.341504,2022-10-26 10:59:50.000
482,1.344066,2022-10-26 10:59:50.250
483,1.3453469999999998,2022-10-26 10:59:50.500
484,1.3427850000000001,2022-10-26 10:59:50.750
485,1.341504,2022-10-26 10:59:51.000
486,1.3427850000000001,2022-10-26 10:59:51.250
487,1.340223,2022-10-26 10:59:51.500
488,1.340223,2022-10-26 10:59:51.750
489,1.338942,2022-10-26 10:59:52.000
490,1.340223,2022-10-26 10:59:52.250
491,1.338942,2022-10-26 10:59:52.500
492,1.340223,2022-10-26 10:59:52.750
493,1.344066,2022-10-26 10:59:53.000
494,1.340223,2022-10-26 10:59:53.250
495,1.346627,2022-10-26 10:59:53.500
496,1.346627,2022-10-26 10:59:53.750
497,1.344066,2022-10-26 10:59:54.000
498,1.346627,2022-10-26 10:59:54.250
499,1.344066,2022-10-26 10:59:54.500
500,1.341504,2022-10-26 10:59:54.750
501,1.341504,2022-10-26 10:59:55.000
502,1.336381,2022-10-26 10:59:55.250
503,1.336381,2022-10-26 10:59:55.500
504,1.332538,2022-10-26 10:59:55.750
505,1.333819,2022-10-26 10:59:56.000
506,1.333819,2022-10-26 10:59:56.250
507,1.329976,2022-10-26 10:59:56.500
508,1.327415,2022-10-26 10:59:56.750
509,1.329976,2022-10-26 10:59:57.000
510,1.3286950000000002,2022-10-26 10:59:57.250
511,1.324853,2022-10-26 10:59:57.500
512,1.324853,2022-10-26 10:59:57.750
513,1.329976,2022-10-26 10:59:58.000
514,1.338942,2022-10-26 10:59:58.250
515,1.333819,2022-10-26 10:59:58.500
516,1.333819,2022-10-26 10:59:58.750
517,1.337661,2022-10-26 10:59:59.000
518,1.332538,2022-10-26 10:59:59.250
519,1.337661,2022-10-26 10:59:59.500
520,1.3351,2022-10-26 10:59:59.750
521,1.3286950000000002,2022-10-26 11:00:00.000
522,1.332538,2022-10-26 11:00:00.250
523,1.327415,2022-10-26 11:00:00.500
524,1.326134,2022-10-26 11:00:00.750
525,1.326134,2022-10-26 11:00:01.000
526,1.324853,2022-10-26 11:00:01.250
527,1.3171680000000001,2022-10-26 11:00:01.500
528,1.308201,2022-10-26 11:00:01.750
529,1.30564,2022-10-26 11:00:02.000
530,1.308201,2022-10-26 11:00:02.250
531,1.308201,2022-10-26 11:00:02.500
532,1.310763,2022-10-26 11:00:02.750
533,1.318448,2022-10-26 11:00:03.000
534,1.323572,2022-10-26 11:00:03.250
535,1.331257,2022-10-26 11:00:03.500
536,1.344066,2022-10-26 11:00:03.750
537,1.349189,2022-10-26 11:00:04.000
538,1.3543129999999999,2022-10-26 11:00:04.250
539,1.356874,2022-10-26 11:00:04.500
540,1.359436,2022-10-26 11:00:04.750
541,1.36456,2022-10-26 11:00:05.000
542,1.360717,2022-10-26 11:00:05.250
543,1.356874,2022-10-26 11:00:05.500
544,1.359436,2022-10-26 11:00:05.750
545,1.35047,2022-10-26 11:00:06.000
546,1.3543129999999999,2022-10-26 11:00:06.250
547,1.351751,2022-10-26 11:00:06.500
548,1.3479079999999999,2022-10-26 11:00:06.750
549,1.349189,2022-10-26 11:00:07.000
550,1.355594,2022-10-26 11:00:07.250
551,1.3671209999999998,2022-10-26 11:00:07.500
552,1.385054,2022-10-26 11:00:07.750
553,1.3953010000000001,2022-10-26 11:00:08.000
554,1.402986,2022-10-26 11:00:08.250
555,1.406828,2022-10-26 11:00:08.500
556,1.411952,2022-10-26 11:00:08.750
557,1.413233,2022-10-26 11:00:09.000
558,1.419637,2022-10-26 11:00:09.250
559,1.415794,2022-10-26 11:00:09.500
560,1.408109,2022-10-26 11:00:09.750
561,1.401705,2022-10-26 11:00:10.000
562,1.3953010000000001,2022-10-26 11:00:10.250
563,1.392739,2022-10-26 11:00:10.500
564,1.381211,2022-10-26 11:00:10.750
565,1.381211,2022-10-26 11:00:11.000
566,1.427322,2022-10-26 11:00:11.250
567,1.415794,2022-10-26 11:00:11.500
568,1.402986,2022-10-26 11:00:11.750
569,1.388896,2022-10-26 11:00:12.000
570,1.381211,2022-10-26 11:00:12.250
571,1.378649,2022-10-26 11:00:12.500
572,1.373526,2022-10-26 11:00:12.750
573,1.361998,2022-10-26 11:00:13.000
574,1.355594,2022-10-26 11:00:13.250
575,1.356874,2022-10-26 11:00:13.500
576,1.356874,2022-10-26 11:00:13.750
577,1.369683,2022-10-26 11:00:14.000
578,1.365841,2022-10-26 11:00:14.250
579,1.3709639999999998,2022-10-26 11:00:14.500
580,1.3709639999999998,2022-10-26 11:00:14.750
581,1.376087,2022-10-26 11:00:15.000
582,1.374807,2022-10-26 11:00:15.250
583,1.373526,2022-10-26 11:00:15.500
584,1.3671209999999998,2022-10-26 11:00:15.750
585,1.3684020000000001,2022-10-26 11:00:16.000
586,1.361998,2022-10-26 11:00:16.250
587,1.361998,2022-10-26 11:00:16.500
588,1.359436,2022-10-26 11:00:16.750
589,1.356874,2022-10-26 11:00:17.000
590,1.358155,2022-10-26 11:00:17.250
591,1.351751,2022-10-26 11:00:17.500
592,1.353032,2022-10-26 11:00:17.750
593,1.35047,2022-10-26 11:00:18.000
594,1.3479079999999999,2022-10-26 11:00:18.250
595,1.3479079999999999,2022-10-26 11:00:18.500
596,1.3427850000000001,2022-10-26 11:00:18.750
597,1.341504,2022-10-26 11:00:19.000
598,1.340223,2022-10-26 11:00:19.250
599,1.341504,2022-10-26 11:00:19.500
600,1.340223,2022-10-26 11:00:19.750
601,1.338942,2022-10-26 11:00:20.000
602,1.341504,2022-10-26 11:00:20.250
603,1.337661,2022-10-26 11:00:20.500
604,1.338942,2022-10-26 11:00:20.750
605,1.333819,2022-10-26 11:00:21.000
606,1.333819,2022-10-26 11:00:21.250
607,1.3351,2022-10-26 11:00:21.500
608,1.329976,2022-10-26 11:00:21.750
609,1.329976,2022-10-26 11:00:22.000
610,1.3286950000000002,2022-10-26 11:00:22.250
611,1.3286950000000002,2022-10-26 11:00:22.500
612,1.327415,2022-10-26 11:00:22.750
613,1.326134,2022-10-26 11:00:23.000
614,1.3222909999999999,2022-10-26 11:00:23.250
615,1.32101,2022-10-26 11:00:23.500
616,1.323572,2022-10-26 11:00:23.750
617,1.3222909999999999,2022-10-26 11:00:24.000
618,1.3222909999999999,2022-10-26 11:00:24.250
619,1.3197290000000002,2022-10-26 11:00:24.500
620,1.324853,2022-10-26 11:00:24.750
621,1.3222909999999999,2022-10-26 11:00:25.000
622,1.324853,2022-10-26 11:00:25.250
623,1.323572,2022-10-26 11:00:25.500
624,1.3171680000000001,2022-10-26 11:00:25.750
625,1.318448,2022-10-26 11:00:26.000
626,1.3197290000000002,2022-10-26 11:00:26.250
627,1.3171680000000001,2022-10-26 11:00:26.500
628,1.315887,2022-10-26 11:00:26.750
629,1.3171680000000001,2022-10-26 11:00:27.000
630,1.315887,2022-10-26 11:00:27.250
631,1.314606,2022-10-26 11:00:27.500
632,1.315887,2022-10-26 11:00:27.750
633,1.312044,2022-10-26 11:00:28.000
634,1.313325,2022-10-26 11:00:28.250
635,1.310763,2022-10-26 11:00:28.500
636,1.310763,2022-10-26 11:00:28.750
637,1.308201,2022-10-26 11:00:29.000
638,1.309482,2022-10-26 11:00:29.250
639,1.309482,2022-10-26 11:00:29.500
640,1.308201,2022-10-26 11:00:29.750
641,1.306921,2022-10-26 11:00:30.000
642,1.306921,2022-10-26 11:00:30.250
643,1.30564,2022-10-26 11:00:30.500
644,1.30564,2022-10-26 11:00:30.750
645,1.306921,2022-10-26 11:00:31.000
646,1.303078,2022-10-26 11:00:31.250
647,1.303078,2022-10-26 11:00:31.500
648,1.303078,2022-10-26 11:00:31.750
649,1.304359,2022-10-26 11:00:32.000
650,1.300516,2022-10-26 11:00:32.250
651,1.303078,2022-10-26 11:00:32.500
652,1.300516,2022-10-26 11:00:32.750
653,1.3017969999999999,2022-10-26 11:00:33.000
654,1.304359,2022-10-26 11:00:33.250
655,1.30564,2022-10-26 11:00:33.500
656,1.312044,2022-10-26 11:00:33.750
657,1.310763,2022-10-26 11:00:34.000
658,1.314606,2022-10-26 11:00:34.250
659,1.315887,2022-10-26 11:00:34.500
660,1.3222909999999999,2022-10-26 11:00:34.750
661,1.3222909999999999,2022-10-26 11:00:35.000
662,1.323572,2022-10-26 11:00:35.250
663,1.3222909999999999,2022-10-26 11:00:35.500
664,1.3197290000000002,2022-10-26 11:00:35.750
665,1.315887,2022-10-26 11:00:36.000
666,1.315887,2022-10-26 11:00:36.250
667,1.3171680000000001,2022-10-26 11:00:36.500
668,1.313325,2022-10-26 11:00:36.750
669,1.310763,2022-10-26 11:00:37.000
670,1.309482,2022-10-26 11:00:37.250
671,1.309482,2022-10-26 11:00:37.500
672,1.308201,2022-10-26 11:00:37.750
673,1.308201,2022-10-26 11:00:38.000
674,1.304359,2022-10-26 11:00:38.250
675,1.304359,2022-10-26 11:00:38.500
676,1.304359,2022-10-26 11:00:38.750
677,1.300516,2022-10-26 11:00:39.000
678,1.304359,2022-10-26 11:00:39.250
679,1.300516,2022-10-26 11:00:39.500
680,1.3017969999999999,2022-10-26 11:00:39.750
681,1.2992350000000001,2022-10-26 11:00:40.000
682,1.295393,2022-10-26 11:00:40.250
683,1.2966739999999999,2022-10-26 11:00:40.500
684,1.297955,2022-10-26 11:00:40.750
685,1.29155,2022-10-26 11:00:41.000
686,1.297955,2022-10-26 11:00:41.250
687,1.2941120000000002,2022-10-26 11:00:41.500
688,1.2928309999999998,2022-10-26 11:00:41.750
689,1.2928309999999998,2022-10-26 11:00:42.000
690,1.2928309999999998,2022-10-26 11:00:42.250
691,1.287708,2022-10-26 11:00:42.500
692,1.290269,2022-10-26 11:00:42.750
693,1.285146,2022-10-26 11:00:43.000
694,1.287708,2022-10-26 11:00:43.250
695,1.290269,2022-10-26 11:00:43.500
696,1.286427,2022-10-26 11:00:43.750
697,1.286427,2022-10-26 11:00:44.000
698,1.288988,2022-10-26 11:00:44.250
699,1.29155,2022-10-26 11:00:44.500
700,1.300516,2022-10-26 11:00:44.750
701,1.309482,2022-10-26 11:00:45.000
702,1.3171680000000001,2022-10-26 11:00:45.250
703,1.327415,2022-10-26 11:00:45.500
704,1.337661,2022-10-26 11:00:45.750
705,1.341504,2022-10-26 11:00:46.000
706,1.349189,2022-10-26 11:00:46.250
707,1.35047,2022-10-26 11:00:46.500
708,1.3479079999999999,2022-10-26 11:00:46.750
709,1.35047,2022-10-26 11:00:47.000
710,1.346627,2022-10-26 11:00:47.250
711,1.346627,2022-10-26 11:00:47.500
712,1.3427850000000001,2022-10-26 11:00:47.750
713,1.337661,2022-10-26 11:00:48.000
714,1.3351,2022-10-26 11:00:48.250
715,1.331257,2022-10-26 11:00:48.500
716,1.329976,2022-10-26 11:00:48.750
717,1.3286950000000002,2022-10-26 11:00:49.000
718,1.324853,2022-10-26 11:00:49.250
719,1.3197290000000002,2022-10-26 11:00:49.500
720,1.314606,2022-10-26 11:00:49.750
721,1.313325,2022-10-26 11:00:50.000
722,1.3171680000000001,2022-10-26 11:00:50.250
723,1.314606,2022-10-26 11:00:50.500
724,1.313325,2022-10-26 11:00:50.750
725,1.314606,2022-10-26 11:00:51.000
726,1.310763,2022-10-26 11:00:51.250
727,1.310763,2022-10-26 11:00:51.500
728,1.3171680000000001,2022-10-26 11:00:51.750
729,1.313325,2022-10-26 11:00:52.000
730,1.309482,2022-10-26 11:00:52.250
731,1.313325,2022-10-26 11:00:52.500
732,1.306921,2022-10-26 11:00:52.750
733,1.306921,2022-10-26 11:00:53.000
734,1.30564,2022-10-26 11:00:53.250
735,1.303078,2022-10-26 11:00:53.500
736,1.3017969999999999,2022-10-26 11:00:53.750
737,1.3017969999999999,2022-10-26 11:00:54.000
738,1.3017969999999999,2022-10-26 11:00:54.250
739,1.30564,2022-10-26 11:00:54.500
740,1.3171680000000001,2022-10-26 11:00:54.750
741,1.326134,2022-10-26 11:00:55.000
742,1.338942,2022-10-26 11:00:55.250
743,1.3427850000000001,2022-10-26 11:00:55.500
744,1.3453469999999998,2022-10-26 11:00:55.750
745,1.351751,2022-10-26 11:00:56.000
746,1.353032,2022-10-26 11:00:56.250
747,1.35047,2022-10-26 11:00:56.500
748,1.35047,2022-10-26 11:00:56.750
749,1.346627,2022-10-26 11:00:57.000
750,1.3427850000000001,2022-10-26 11:00:57.250
751,1.336381,2022-10-26 11:00:57.500
752,1.333819,2022-10-26 11:00:57.750
753,1.329976,2022-10-26 11:00:58.000
754,1.327415,2022-10-26 11:00:58.250
755,1.323572,2022-10-26 11:00:58.500
756,1.323572,2022-10-26 11:00:58.750
757,1.318448,2022-10-26 11:00:59.000
758,1.3171680000000001,2022-10-26 11:00:59.250
759,1.318448,2022-10-26 11:00:59.500
760,1.314606,2022-10-26 11:00:59.750
761,1.314606,2022-10-26 11:01:00.000
762,1.310763,2022-10-26 11:01:00.250
763,1.308201,2022-10-26 11:01:00.500
764,1.310763,2022-10-26 11:01:00.750
765,1.306921,2022-10-26 11:01:01.000
766,1.30564,2022-10-26 11:01:01.250
767,1.303078,2022-10-26 11:01:01.500
768,1.30564,2022-10-26 11:01:01.750
769,1.308201,2022-10-26 11:01:02.000
770,1.308201,2022-10-26 11:01:02.250
771,1.315887,2022-10-26 11:01:02.500
772,1.326134,2022-10-26 11:01:02.750
773,1.3286950000000002,2022-10-26 11:01:03.000
774,1.333819,2022-10-26 11:01:03.250
775,1.337661,2022-10-26 11:01:03.500
776,1.336381,2022-10-26 11:01:03.750
777,1.341504,2022-10-26 11:01:04.000
778,1.337661,2022-10-26 11:01:04.250
779,1.337661,2022-10-26 11:01:04.500
780,1.337661,2022-10-26 11:01:04.750
781,1.336381,2022-10-26 11:01:05.000
782,1.331257,2022-10-26 11:01:05.250
783,1.331257,2022-10-26 11:01:05.500
784,1.329976,2022-10-26 11:01:05.750
785,1.3286950000000002,2022-10-26 11:01:06.000
786,1.326134,2022-10-26 11:01:06.250
787,1.32101,2022-10-26 11:01:06.500
788,1.323572,2022-10-26 11:01:06.750
789,1.318448,2022-10-26 11:01:07.000
790,1.315887,2022-10-26 11:01:07.250
791,1.315887,2022-10-26 11:01:07.500
792,1.312044,2022-10-26 11:01:07.750
793,1.309482,2022-10-26 11:01:08.000
794,1.304359,2022-10-26 11:01:08.250
795,1.306921,2022-10-26 11:01:08.500
796,1.30564,2022-10-26 11:01:08.750
797,1.308201,2022-10-26 11:01:09.000
798,1.309482,2022-10-26 11:01:09.250
799,1.312044,2022-10-26 11:01:09.500
800,1.309482,2022-10-26 11:01:09.750
801,1.310763,2022-10-26 11:01:10.000
802,1.309482,2022-10-26 11:01:10.250
803,1.304359,2022-10-26 11:01:10.500
804,1.30564,2022-10-26 11:01:10.750
805,1.30564,2022-10-26 11:01:11.000
806,1.3017969999999999,2022-10-26 11:01:11.250
807,1.304359,2022-10-26 11:01:11.500
808,1.300516,2022-10-26 11:01:11.750
809,1.297955,2022-10-26 11:01:12.000
810,1.2966739999999999,2022-10-26 11:01:12.250
811,1.2928309999999998,2022-10-26 11:01:12.500
812,1.29155,2022-10-26 11:01:12.750
813,1.288988,2022-10-26 11:01:13.000
814,1.287708,2022-10-26 11:01:13.250
815,1.288988,2022-10-26 11:01:13.500
816,1.287708,2022-10-26 11:01:13.750
817,1.2928309999999998,2022-10-26 11:01:14.000
818,1.29155,2022-10-26 11:01:14.250
819,1.2941120000000002,2022-10-26 11:01:14.500
820,1.295393,2022-10-26 11:01:14.750
821,1.29155,2022-10-26 11:01:15.000
822,1.29155,2022-10-26 11:01:15.250
823,1.29155,2022-10-26 11:01:15.500
824,1.288988,2022-10-26 11:01:15.750
825,1.29155,2022-10-26 11:01:16.000
826,1.290269,2022-10-26 11:01:16.250
827,1.288988,2022-10-26 11:01:16.500
828,1.290269,2022-10-26 11:01:16.750
829,1.287708,2022-10-26 11:01:17.000
830,1.287708,2022-10-26 11:01:17.250
831,1.288988,2022-10-26 11:01:17.500
832,1.2928309999999998,2022-10-26 11:01:17.750
833,1.297955,2022-10-26 11:01:18.000
834,1.304359,2022-10-26 11:01:18.250
835,1.303078,2022-10-26 11:01:18.500
836,1.3197290000000002,2022-10-26 11:01:18.750
837,1.32101,2022-10-26 11:01:19.000
838,1.32101,2022-10-26 11:01:19.250
839,1.3197290000000002,2022-10-26 11:01:19.500
840,1.3222909999999999,2022-10-26 11:01:19.750
841,1.3197290000000002,2022-10-26 11:01:20.000
842,1.32101,2022-10-26 11:01:20.250
843,1.3171680000000001,2022-10-26 11:01:20.500
844,1.313325,2022-10-26 11:01:20.750
845,1.308201,2022-10-26 11:01:21.000
846,1.3017969999999999,2022-10-26 11:01:21.250
847,1.2992350000000001,2022-10-26 11:01:21.500
848,1.2928309999999998,2022-10-26 11:01:21.750
849,1.29155,2022-10-26 11:01:22.000
850,1.2941120000000002,2022-10-26 11:01:22.250
851,1.290269,2022-10-26 11:01:22.500
852,1.287708,2022-10-26 11:01:22.750
853,1.287708,2022-10-26 11:01:23.000
854,1.286427,2022-10-26 11:01:23.250
855,1.286427,2022-10-26 11:01:23.500
856,1.282584,2022-10-26 11:01:23.750
857,1.280022,2022-10-26 11:01:24.000
858,1.282584,2022-10-26 11:01:24.250
859,1.280022,2022-10-26 11:01:24.500
860,1.280022,2022-10-26 11:01:24.750
861,1.278741,2022-10-26 11:01:25.000
862,1.278741,2022-10-26 11:01:25.250
863,1.280022,2022-10-26 11:01:25.500
864,1.281303,2022-10-26 11:01:25.750
865,1.278741,2022-10-26 11:01:26.000
866,1.274899,2022-10-26 11:01:26.250
867,1.278741,2022-10-26 11:01:26.500
868,1.2736180000000001,2022-10-26 11:01:26.750
869,1.2672139999999998,2022-10-26 11:01:27.000
870,1.26209,2022-10-26 11:01:27.250
871,1.263371,2022-10-26 11:01:27.500
872,1.268494,2022-10-26 11:01:27.750
873,1.271056,2022-10-26 11:01:28.000
874,1.288988,2022-10-26 11:01:28.250
875,1.297955,2022-10-26 11:01:28.500
876,1.2941120000000002,2022-10-26 11:01:28.750
877,1.29155,2022-10-26 11:01:29.000
878,1.282584,2022-10-26 11:01:29.250
879,1.282584,2022-10-26 11:01:29.500
880,1.282584,2022-10-26 11:01:29.750
881,1.278741,2022-10-26 11:01:30.000
882,1.280022,2022-10-26 11:01:30.250
883,1.277461,2022-10-26 11:01:30.500
884,1.2761799999999999,2022-10-26 11:01:30.750
885,1.274899,2022-10-26 11:01:31.000
886,1.271056,2022-10-26 11:01:31.250
887,1.2736180000000001,2022-10-26 11:01:31.500
888,1.2736180000000001,2022-10-26 11:01:31.750
889,1.2736180000000001,2022-10-26 11:01:32.000
890,1.268494,2022-10-26 11:01:32.250
891,1.272337,2022-10-26 11:01:32.500
892,1.265933,2022-10-26 11:01:32.750
893,1.2672139999999998,2022-10-26 11:01:33.000
894,1.265933,2022-10-26 11:01:33.250
895,1.263371,2022-10-26 11:01:33.500
896,1.263371,2022-10-26 11:01:33.750
897,1.264652,2022-10-26 11:01:34.000
898,1.263371,2022-10-26 11:01:34.250
899,1.265933,2022-10-26 11:01:34.500
900,1.263371,2022-10-26 11:01:34.750
901,1.260809,2022-10-26 11:01:35.000
902,1.26209,2022-10-26 11:01:35.250
903,1.2595290000000001,2022-10-26 11:01:35.500
904,1.263371,2022-10-26 11:01:35.750
905,1.2595290000000001,2022-10-26 11:01:36.000
906,1.2595290000000001,2022-10-26 11:01:36.250
907,1.265933,2022-10-26 11:01:36.500
908,1.269775,2022-10-26 11:01:36.750
909,1.272337,2022-10-26 11:01:37.000
910,1.274899,2022-10-26 11:01:37.250
911,1.277461,2022-10-26 11:01:37.500
912,1.280022,2022-10-26 11:01:37.750
913,1.281303,2022-10-26 11:01:38.000
914,1.278741,2022-10-26 11:01:38.250
915,1.277461,2022-10-26 11:01:38.500
916,1.278741,2022-10-26 11:01:38.750
917,1.2761799999999999,2022-10-26 11:01:39.000
918,1.272337,2022-10-26 11:01:39.250
919,1.269775,2022-10-26 11:01:39.500
920,1.272337,2022-10-26 11:01:39.750
921,1.263371,2022-10-26 11:01:40.000
922,1.264652,2022-10-26 11:01:40.250
923,1.2672139999999998,2022-10-26 11:01:40.500
924,1.274899,2022-10-26 11:01:40.750
925,1.29155,2022-10-26 11:01:41.000
926,1.2992350000000001,2022-10-26 11:01:41.250
927,1.295393,2022-10-26 11:01:41.500
928,1.300516,2022-10-26 11:01:41.750
929,1.30564,2022-10-26 11:01:42.000
930,1.312044,2022-10-26 11:01:42.250
931,1.323572,2022-10-26 11:01:42.500
932,1.337661,2022-10-26 11:01:42.750
933,1.3427850000000001,2022-10-26 11:01:43.000
934,1.356874,2022-10-26 11:01:43.250
935,1.365841,2022-10-26 11:01:43.500
936,1.374807,2022-10-26 11:01:43.750
937,1.386334,2022-10-26 11:01:44.000
938,1.388896,2022-10-26 11:01:44.250
939,1.388896,2022-10-26 11:01:44.500
940,1.387615,2022-10-26 11:01:44.750
941,1.385054,2022-10-26 11:01:45.000
942,1.382492,2022-10-26 11:01:45.250
943,1.382492,2022-10-26 11:01:45.500
944,1.36456,2022-10-26 11:01:45.750
945,1.355594,2022-10-26 11:01:46.000
946,1.3543129999999999,2022-10-26 11:01:46.250
947,1.35047,2022-10-26 11:01:46.500
948,1.3453469999999998,2022-10-26 11:01:46.750
949,1.340223,2022-10-26 11:01:47.000
950,1.3427850000000001,2022-10-26 11:01:47.250
951,1.3427850000000001,2022-10-26 11:01:47.500
952,1.351751,2022-10-26 11:01:47.750
953,1.356874,2022-10-26 11:01:48.000
954,1.349189,2022-10-26 11:01:48.250
955,1.346627,2022-10-26 11:01:48.500
956,1.3453469999999998,2022-10-26 11:01:48.750
957,1.341504,2022-10-26 11:01:49.000
958,1.337661,2022-10-26 11:01:49.250
959,1.336381,2022-10-26 11:01:49.500
960,1.333819,2022-10-26 11:01:49.750
961,1.338942,2022-10-26 11:01:50.000
962,1.336381,2022-10-26 11:01:50.250
963,1.3351,2022-10-26 11:01:50.500
964,1.3351,2022-10-26 11:01:50.750
965,1.324853,2022-10-26 11:01:51.000
966,1.331257,2022-10-26 11:01:51.250
967,1.326134,2022-10-26 11:01:51.500
968,1.338942,2022-10-26 11:01:51.750
969,1.337661,2022-10-26 11:01:52.000
970,1.3351,2022-10-26 11:01:52.250
971,1.355594,2022-10-26 11:01:52.500
972,1.351751,2022-10-26 11:01:52.750
973,1.351751,2022-10-26 11:01:53.000
974,1.346627,2022-10-26 11:01:53.250
975,1.3709639999999998,2022-10-26 11:01:53.500
976,1.40939,2022-10-26 11:01:53.750
977,1.461906,2022-10-26 11:01:54.000
978,1.516983,2022-10-26 11:01:54.250
979,1.565656,2022-10-26 11:01:54.500
980,1.618172,2022-10-26 11:01:54.750
981,1.656598,2022-10-26 11:01:55.000
982,1.6796529999999998,2022-10-26 11:01:55.250
983,1.7257650000000002,2022-10-26 11:01:55.500
984,1.7257650000000002,2022-10-26 11:01:55.750
985,1.720641,2022-10-26 11:01:56.000
986,1.724484,2022-10-26 11:01:56.250
987,1.760348,2022-10-26 11:01:56.500
988,1.7680330000000002,2022-10-26 11:01:56.750
989,1.7705950000000001,2022-10-26 11:01:57.000
990,1.7936509999999999,2022-10-26 11:01:57.250
991,1.8307959999999999,2022-10-26 11:01:57.500
992,1.858975,2022-10-26 11:01:57.750
993,1.89612,2022-10-26 11:01:58.000
994,1.905086,2022-10-26 11:01:58.250
995,1.914052,2022-10-26 11:01:58.500
996,1.9191759999999998,2022-10-26 11:01:58.750
997,1.94095,2022-10-26 11:01:59.000
998,1.964205,2022-10-26 11:01:59.250
999,1.947554,2022-10-26 11:01:59.500
1000,1.9334639999999998,2022-10-26 11:01:59.750
1001,1.906566,2022-10-26 11:02:00.000
1002,1.8911959999999999,2022-10-26 11:02:00.250
1003,1.8835110000000002,2022-10-26 11:02:00.500
1004,1.85277,2022-10-26 11:02:00.750
1005,1.824591,2022-10-26 11:02:01.000
1006,1.807939,2022-10-26 11:02:01.250
1007,1.798973,2022-10-26 11:02:01.500
1008,1.806659,2022-10-26 11:02:01.750
1009,1.80922,2022-10-26 11:02:02.000
1010,1.802816,2022-10-26 11:02:02.250
1011,1.802816,2022-10-26 11:02:02.500
1012,1.805378,2022-10-26 11:02:02.750
1013,1.810501,2022-10-26 11:02:03.000
1014,1.814344,2022-10-26 11:02:03.250
1015,1.80922,2022-10-26 11:02:03.500
1016,1.811782,2022-10-26 11:02:03.750
1017,1.825871,2022-10-26 11:02:04.000
1018,1.860455,2022-10-26 11:02:04.250
1019,1.923218,2022-10-26 11:02:04.500
1020,1.9782950000000001,2022-10-26 11:02:04.750
1021,2.032091,2022-10-26 11:02:05.000
1022,2.083326,2022-10-26 11:02:05.250
1023,2.1230330000000004,2022-10-26 11:02:05.500
1024,2.138403,2022-10-26 11:02:05.750
1025,2.130718,2022-10-26 11:02:06.000
1026,2.1204709999999998,2022-10-26 11:02:06.250
1027,2.106382,2022-10-26 11:02:06.500
1028,2.087169,2022-10-26 11:02:06.750
1029,2.066675,2022-10-26 11:02:07.000
1030,2.039777,2022-10-26 11:02:07.250
1031,2.014159,2022-10-26 11:02:07.500
1032,2.0051930000000002,2022-10-26 11:02:07.750
1033,1.9949459999999999,2022-10-26 11:02:08.000
1034,1.968048,2022-10-26 11:02:08.250
1035,1.95652,2022-10-26 11:02:08.500
1036,1.946273,2022-10-26 11:02:08.750
1037,1.9309029999999998,2022-10-26 11:02:09.000
1038,1.916813,2022-10-26 11:02:09.250
1039,1.914251,2022-10-26 11:02:09.500
1040,1.904004,2022-10-26 11:02:09.750
1041,1.900162,2022-10-26 11:02:10.000
1042,1.8899150000000002,2022-10-26 11:02:10.250
1043,1.888634,2022-10-26 11:02:10.500
1044,1.8809490000000002,2022-10-26 11:02:10.750
1045,1.888634,2022-10-26 11:02:11.000
1046,1.8809490000000002,2022-10-26 11:02:11.250
1047,1.8745450000000001,2022-10-26 11:02:11.500
1048,1.8796680000000001,2022-10-26 11:02:11.750
1049,1.8796680000000001,2022-10-26 11:02:12.000
1050,1.870702,2022-10-26 11:02:12.250
1051,1.861736,2022-10-26 11:02:12.500
1052,1.855331,2022-10-26 11:02:12.750
1053,1.851489,2022-10-26 11:02:13.000
1054,1.843804,2022-10-26 11:02:13.250
1055,1.851489,2022-10-26 11:02:13.500
1056,1.8450849999999999,2022-10-26 11:02:13.750
1057,1.8373990000000002,2022-10-26 11:02:14.000
1058,1.8463650000000003,2022-10-26 11:02:14.250
1059,1.859174,2022-10-26 11:02:14.500
1060,1.8847909999999999,2022-10-26 11:02:14.750
1061,1.8796680000000001,2022-10-26 11:02:15.000
1062,1.8745450000000001,2022-10-26 11:02:15.250
1063,1.873264,2022-10-26 11:02:15.500
1064,1.870702,2022-10-26 11:02:15.750
1065,1.865578,2022-10-26 11:02:16.000
1066,1.859174,2022-10-26 11:02:16.250
1067,1.860455,2022-10-26 11:02:16.500
1068,1.856612,2022-10-26 11:02:16.750
1069,1.843804,2022-10-26 11:02:17.000
1070,1.8348380000000002,2022-10-26 11:02:17.250
1071,1.847646,2022-10-26 11:02:17.500
1072,1.847646,2022-10-26 11:02:17.750
1073,1.855331,2022-10-26 11:02:18.000
1074,1.866859,2022-10-26 11:02:18.250
1075,1.8745450000000001,2022-10-26 11:02:18.500
1076,1.914251,2022-10-26 11:02:18.750
1077,1.8860720000000002,2022-10-26 11:02:19.000
1078,1.8847909999999999,2022-10-26 11:02:19.250
1079,1.8796680000000001,2022-10-26 11:02:19.500
1080,1.901443,2022-10-26 11:02:19.750
1081,1.916813,2022-10-26 11:02:20.000
1082,1.9309029999999998,2022-10-26 11:02:20.250
1083,1.951397,2022-10-26 11:02:20.500
1084,1.961644,2022-10-26 11:02:20.750
1085,1.968048,2022-10-26 11:02:21.000
1086,1.968048,2022-10-26 11:02:21.250
1087,1.969329,2022-10-26 11:02:21.500
1088,1.961644,2022-10-26 11:02:21.750
1089,1.955239,2022-10-26 11:02:22.000
1090,1.951397,2022-10-26 11:02:22.250
1091,1.937307,2022-10-26 11:02:22.500
1092,1.94115,2022-10-26 11:02:22.750
1093,1.9296220000000002,2022-10-26 11:02:23.000
1094,1.928341,2022-10-26 11:02:23.250
1095,1.9270599999999998,2022-10-26 11:02:23.500
1096,1.928341,2022-10-26 11:02:23.750
1097,1.921937,2022-10-26 11:02:24.000
1098,1.912971,2022-10-26 11:02:24.250
1099,1.910409,2022-10-26 11:02:24.500
1100,1.906566,2022-10-26 11:02:24.750
1101,1.898881,2022-10-26 11:02:25.000
1102,1.892477,2022-10-26 11:02:25.250
1103,1.8873529999999998,2022-10-26 11:02:25.500
1104,1.8860720000000002,2022-10-26 11:02:25.750
1105,1.8783869999999998,2022-10-26 11:02:26.000
1106,1.8719830000000002,2022-10-26 11:02:26.250
1107,1.865578,2022-10-26 11:02:26.500
1108,1.863017,2022-10-26 11:02:26.750
1109,1.860455,2022-10-26 11:02:27.000
1110,1.850208,2022-10-26 11:02:27.250
1111,1.848927,2022-10-26 11:02:27.500
1112,1.8450849999999999,2022-10-26 11:02:27.750
1113,1.8386799999999999,2022-10-26 11:02:28.000
1114,1.839961,2022-10-26 11:02:28.250
1115,1.8348380000000002,2022-10-26 11:02:28.500
1116,1.8335569999999999,2022-10-26 11:02:28.750
1117,1.8361180000000001,2022-10-26 11:02:29.000
1118,1.8348380000000002,2022-10-26 11:02:29.250
1119,1.8386799999999999,2022-10-26 11:02:29.500
1120,1.8309950000000002,2022-10-26 11:02:29.750
1121,1.8309950000000002,2022-10-26 11:02:30.000
1122,1.824591,2022-10-26 11:02:30.250
1123,1.825871,2022-10-26 11:02:30.500
1124,1.820748,2022-10-26 11:02:30.750
1125,1.815625,2022-10-26 11:02:31.000
1126,1.80922,2022-10-26 11:02:31.250
1127,1.810501,2022-10-26 11:02:31.500
1128,1.802816,2022-10-26 11:02:31.750
1129,1.798973,2022-10-26 11:02:32.000
1130,1.796412,2022-10-26 11:02:32.250
1131,1.7887259999999998,2022-10-26 11:02:32.500
1132,1.7887259999999998,2022-10-26 11:02:32.750
1133,1.784884,2022-10-26 11:02:33.000
1134,1.7771990000000002,2022-10-26 11:02:33.250
1135,1.781041,2022-10-26 11:02:33.500
1136,1.775918,2022-10-26 11:02:33.750
1137,1.7733560000000002,2022-10-26 11:02:34.000
1138,1.768232,2022-10-26 11:02:34.250
1139,1.7643900000000001,2022-10-26 11:02:34.500
1140,1.7643900000000001,2022-10-26 11:02:34.750
1141,1.760547,2022-10-26 11:02:35.000
1142,1.757985,2022-10-26 11:02:35.250
1143,1.756705,2022-10-26 11:02:35.500
1144,1.752862,2022-10-26 11:02:35.750
1145,1.754143,2022-10-26 11:02:36.000
1146,1.752862,2022-10-26 11:02:36.250
1147,1.7490189999999999,2022-10-26 11:02:36.500
1148,1.756705,2022-10-26 11:02:36.750
1149,1.7490189999999999,2022-10-26 11:02:37.000
1150,1.745177,2022-10-26 11:02:37.250
1151,1.747738,2022-10-26 11:02:37.500
1152,1.7426150000000002,2022-10-26 11:02:37.750
1153,1.741334,2022-10-26 11:02:38.000
1154,1.7374919999999998,2022-10-26 11:02:38.250
1155,1.7349299999999999,2022-10-26 11:02:38.500
1156,1.7349299999999999,2022-10-26 11:02:38.750
1157,1.7323680000000001,2022-10-26 11:02:39.000
1158,1.7285259999999998,2022-10-26 11:02:39.250
1159,1.7272450000000001,2022-10-26 11:02:39.500
1160,1.723402,2022-10-26 11:02:39.750
1161,1.722121,2022-10-26 11:02:40.000
1162,1.7182790000000001,2022-10-26 11:02:40.250
1163,1.7182790000000001,2022-10-26 11:02:40.500
1164,1.719559,2022-10-26 11:02:40.750
1165,1.713155,2022-10-26 11:02:41.000
1166,1.709312,2022-10-26 11:02:41.250
1167,1.710593,2022-10-26 11:02:41.500
1168,1.710593,2022-10-26 11:02:41.750
1169,1.708032,2022-10-26 11:02:42.000
1170,1.7118740000000001,2022-10-26 11:02:42.250
1171,1.713155,2022-10-26 11:02:42.500
1172,1.7157169999999997,2022-10-26 11:02:42.750
1173,1.713155,2022-10-26 11:02:43.000
1174,1.714436,2022-10-26 11:02:43.250
1175,1.714436,2022-10-26 11:02:43.500
1176,1.706751,2022-10-26 11:02:43.750
1177,1.709312,2022-10-26 11:02:44.000
1178,1.70547,2022-10-26 11:02:44.250
1179,1.702908,2022-10-26 11:02:44.500
1180,1.700346,2022-10-26 11:02:44.750
1181,1.699066,2022-10-26 11:02:45.000
1182,1.6939419999999998,2022-10-26 11:02:45.250
1183,1.692661,2022-10-26 11:02:45.500
1184,1.686257,2022-10-26 11:02:45.750
1185,1.6824139999999999,2022-10-26 11:02:46.000
1186,1.6798520000000001,2022-10-26 11:02:46.250
1187,1.686257,2022-10-26 11:02:46.500
1188,1.6849759999999998,2022-10-26 11:02:46.750
1189,1.6798520000000001,2022-10-26 11:02:47.000
1190,1.677291,2022-10-26 11:02:47.250
1191,1.66192,2022-10-26 11:02:47.500
1192,1.658078,2022-10-26 11:02:47.750
1193,1.655516,2022-10-26 11:02:48.000
1194,1.6760099999999998,2022-10-26 11:02:48.250
1195,1.6836950000000002,2022-10-26 11:02:48.500
1196,1.704189,2022-10-26 11:02:48.750
1197,1.719559,2022-10-26 11:02:49.000
1198,1.7349299999999999,2022-10-26 11:02:49.250
1199,1.756705,2022-10-26 11:02:49.500
1200,1.765671,2022-10-26 11:02:49.750
1201,1.775918,2022-10-26 11:02:50.000
1202,1.7874450000000002,2022-10-26 11:02:50.250
1203,1.790007,2022-10-26 11:02:50.500
1204,1.7874450000000002,2022-10-26 11:02:50.750
1205,1.7836029999999998,2022-10-26 11:02:51.000
1206,1.7733560000000002,2022-10-26 11:02:51.250
1207,1.766952,2022-10-26 11:02:51.500
1208,1.756705,2022-10-26 11:02:51.750
1209,1.7490189999999999,2022-10-26 11:02:52.000
1210,1.7400529999999998,2022-10-26 11:02:52.250
1211,1.7298060000000002,2022-10-26 11:02:52.500
1212,1.7246830000000002,2022-10-26 11:02:52.750
1213,1.719559,2022-10-26 11:02:53.000
1214,1.714436,2022-10-26 11:02:53.250
1215,1.7118740000000001,2022-10-26 11:02:53.500
1216,1.708032,2022-10-26 11:02:53.750
1217,1.700346,2022-10-26 11:02:54.000
1218,1.700346,2022-10-26 11:02:54.250
1219,1.695223,2022-10-26 11:02:54.500
1220,1.6939419999999998,2022-10-26 11:02:54.750
1221,1.696504,2022-10-26 11:02:55.000
1222,1.6913799999999999,2022-10-26 11:02:55.250
1223,1.6939419999999998,2022-10-26 11:02:55.500
1224,1.6939419999999998,2022-10-26 11:02:55.750
1225,1.696504,2022-10-26 11:02:56.000
1226,1.699066,2022-10-26 11:02:56.250
1227,1.692661,2022-10-26 11:02:56.500
1228,1.692661,2022-10-26 11:02:56.750
1229,1.6913799999999999,2022-10-26 11:02:57.000
1230,1.6849759999999998,2022-10-26 11:02:57.250
1231,1.677291,2022-10-26 11:02:57.500
1232,1.677291,2022-10-26 11:02:57.750
1233,1.6721669999999997,2022-10-26 11:02:58.000
1234,1.667044,2022-10-26 11:02:58.250
1235,1.6606400000000001,2022-10-26 11:02:58.500
1236,1.668325,2022-10-26 11:02:58.750
1237,1.667044,2022-10-26 11:02:59.000
1238,1.663201,2022-10-26 11:02:59.250
1239,1.66192,2022-10-26 11:02:59.500
1240,1.655516,2022-10-26 11:02:59.750
1241,1.651673,2022-10-26 11:03:00.000
1242,1.651673,2022-10-26 11:03:00.250
1243,1.651673,2022-10-26 11:03:00.500
1244,1.650393,2022-10-26 11:03:00.750
1245,1.651673,2022-10-26 11:03:01.000
1246,1.652954,2022-10-26 11:03:01.250
1247,1.650393,2022-10-26 11:03:01.500
1248,1.652954,2022-10-26 11:03:01.750
1249,1.655516,2022-10-26 11:03:02.000
1250,1.6606400000000001,2022-10-26 11:03:02.250
1251,1.6606400000000001,2022-10-26 11:03:02.500
1252,1.66192,2022-10-26 11:03:02.750
1253,1.659359,2022-10-26 11:03:03.000
1254,1.656797,2022-10-26 11:03:03.250
1255,1.654235,2022-10-26 11:03:03.500
1256,1.652954,2022-10-26 11:03:03.750
1257,1.654235,2022-10-26 11:03:04.000
1258,1.64655,2022-10-26 11:03:04.250
1259,1.647831,2022-10-26 11:03:04.500
1260,1.649112,2022-10-26 11:03:04.750
1261,1.64655,2022-10-26 11:03:05.000
1262,1.6452689999999999,2022-10-26 11:03:05.250
1263,1.649112,2022-10-26 11:03:05.500
1264,1.659359,2022-10-26 11:03:05.750
1265,1.659359,2022-10-26 11:03:06.000
1266,1.655516,2022-10-26 11:03:06.250
1267,1.654235,2022-10-26 11:03:06.500
1268,1.66192,2022-10-26 11:03:06.750
1269,1.673448,2022-10-26 11:03:07.000
1270,1.6721669999999997,2022-10-26 11:03:07.250
1271,1.695223,2022-10-26 11:03:07.500
1272,1.713155,2022-10-26 11:03:07.750
1273,1.7323680000000001,2022-10-26 11:03:08.000
1274,1.7771990000000002,2022-10-26 11:03:08.250
1275,1.7874450000000002,2022-10-26 11:03:08.500
1276,1.800254,2022-10-26 11:03:08.750
